name	price	Original_price	star	reviews	sold	stock	seller	seller_link	seller_from	category	brand	description	URL
【BALI??】美國製造 Genius One Pipe 4.5  天才菸斗 煙斗 冷峻而柔順口感 高質感 附收納袋	"$1,260"	"$1,800"	5	47	113	數量還剩15件	bali079170	https://shopee.tw/bali079170	台北市南港區	品牌自有品牌	自有品牌	"????歡迎來到BALI菸具????全賣場滿599免運費!!????
???? 附 Genius 收納袋 數量有限售完為止????
美國原裝進口 獨家專利設計???? 大大減少擊喉感!! ????
規格：140mm x 39mm x 10mm
The Genius Pipe 4.5 Gadget 天才菸斗+收納袋&濾網!!
Made in U.S.A.
Genius Pipe是由航太級鋁合金製成 
讓您用的安心 用的放心
獨家專利 凹洞式散熱設計 
能有效降低煙霧的溫度 
並將焦油殘留在凹洞中
三片吸磁式設計  清潔完全沒有死角 
使用溫熱水及酒精就可以有效清潔菸斗       
附原廠盒裝 附贈5片專用濾網
#天才菸斗
#pipe
#菸具
#煙斗
#菸斗
#組合
#套組
#現貨
#bali079170
#bali
#Genius"	https://shopee.tw//【BALI??】美國製造-Genius-One-Pipe-4.5-天才菸斗-煙斗-冷峻而柔順口感-高質感-附收納袋-i.30364275.918650049
【超人生活百貨】Genius SlimStar i220 超薄多媒體巧克力豆干鍵盤 專利蜂巢式按鍵設計結構 福利品 包裝	$280		5	1	6	數量還剩993件	super3c	https://shopee.tw/super3c	新竹縣竹北市	品牌Genius(昆盈)	Genius(昆盈)	"福利品 包裝有瑕疵
Genius SlimStar i220 超薄多媒體巧克力豆干鍵盤
 
Genius推出新一代採用美感與實用性兼具之Apple設計風格的i系列超薄鍵盤。
SlimStar i220擁有酷炫的黑色鋼琴漆面及造型設計，是桌電和筆電的最佳選擇。
Apple風格的鍵蓋設計能帶給您最舒適的輸入體驗
 
此外，SlimStar i220還擁有10個操作簡易的快速鍵，能協助您輕鬆地控制多媒體。
SlimStar i220是一款能將簡約、時尚及雅致等元素融入您生活中的全新鍵盤
歡迎洽詢銷售人員，以瞭解更多資訊。

 
 

 
產品特色 : 
 
◆專利蜂巢式按鍵設計結構
◆蘋果風格的設計，結合美麗和實用性 
◆時尚典雅的鋼琴黑色
◆舒適享受您的桌上型電腦或筆記本電腦 
◆超薄、黑色漆面鍵盤設計 
◆10個多媒體控制快速鍵"	https://shopee.tw//【超人生活百貨】Genius-SlimStar-i220-超薄多媒體巧克力豆干鍵盤-專利蜂巢式按鍵設計結構-福利品-包裝-i.3030767.1570389436
蝦皮優選Genesisi micro usb線 3m 3米 超長 快充 微軟線 可參考 LG 三星 華為 htc 行動電源 小米	$99		5	55	113	數量還剩386件	tom38921	https://shopee.tw/tom38921	高雄市鼓山區	長度3M	Genius 昆盈	"此線材為3m micro usb 充電線

線長:300cm 可充電可傳輸資料

內芯為2028AWG 在3米長度下不輸微軟線 依然能夠快速充電

圖4明顯看的出來比微軟線還粗


線材保固一個月 7天內運費我負責 超過7天買家負責來回運費


#華為 #蘋果 #三星 #OPPO #HTC #小米 #APPLE #ASUS

#充電頭 #充電器 #充電線 #快充頭

#保護貼  #蘋果快充 #快充線 #原廠 #快充 #快充頭"	https://shopee.tw//Genesisi-micro-usb線-3m-3米-超長-快充-微軟線-可參考-LG-三星-華為-htc-行動電源-小米-i.1486591.734104923
促銷價 / Genius NX-7015 時尚髮絲紋/ 藍光無線滑鼠 (巧克力)	$245		5	5	11	數量還剩24件	exetech3c	https://shopee.tw/exetech3c	台北市信義區	NCCcca123bv	Genius(昆盈)	"Genius NX-7015 時尚髮絲紋/ 藍光無線滑鼠 (巧克力)

高雅髮絲紋
觸感柔順搭配髮絲金屬飾紋，剛柔並濟，為獨特而生。

SmartGenius軟體
搭配免費的SmartGenius升級軟體，調整DPI易如反掌，最高可達1600DPI。 下載 SmartGenius >

極速定位
翻山越嶺，在所不辭，幾乎任何地球表面都難不倒 NX-7015。

放大縮小功能
彈指之間，放大縮小，自由操控，隨心所欲。

通用無線接收器
迷你無線接收器，可以配對高達7隻滑鼠，不管是哪一隻滑鼠，都可以立即控制你的電子裝置。無需擔憂滑鼠遺失，
或者是無線接收器遺失的困擾。

系統支援 
■Windows 8/10 或以上版本
■Mac OS X 10.7.4 或以上版本
■USB連接埠
 
產品規格 
■介面支援	2.4GHz 無線
■按鍵數	3 (左、右、中間滾輪按鍵)
■解析度 (DPI)	800/1200/1600
■感應器	BlueEye
■顏色	金色、銀色、銅色、巧克力、鐵灰
■重量	57g (含接收器)
■尺寸 (WxHxD)	58 x 100 x 38.5 mm (2.28 x 3.94 x 1.52 inches)

包裝內容 
■NX-7015
■迷你無線接收器
■AA鹼性電池
■使用說明書

商品保固  :  原廠保固一年"	https://shopee.tw//促銷價-Genius-NX-7015-時尚髮絲紋-藍光無線滑鼠-(巧克力)-i.6256296.2246609733
昆盈 Genius 藍光無線滑鼠 NX-7010 含1800mAh 充電電池＋充電線 USB 充電滑鼠	$168		5	7	20	數量還剩22件	16market	https://shopee.tw/16market	新北市中和區	NCC11111	Genius(昆盈)	"昆盈 Genius 無線滑鼠
NX-7010
Windows 7, 8, 8.1, 10
Mac OS X 10.8或更高版本
USB連接埠
顏色 淡綠

包裝內附
USB迷你接收器
3號AA充電電池
多國語言快速指南
重量57克（包括接收器）
尺寸58 × 100 × 39 mm

提醒
此商品為股東會紀念品
全新，未拆封
賣家不負責保固
商品有問題
請自行找原廠
同意，再下標
"	https://shopee.tw//昆盈-Genius-藍光無線滑鼠-NX-7010-含1800mAh-充電電池＋充電線-USB-充電滑鼠-i.10107702.1618953182
Genius SlimStar 130 超薄時尚輕巧/ USB 鍵盤	$270		5	1	3	數量還剩27件	exetech3c	https://shopee.tw/exetech3c	台北市信義區	品牌Genius(昆盈)	Genius(昆盈)	"Genius  昆盈
SlimStar 130 超薄時尚輕巧/ USB 鍵盤

產品特色  :
●USB隨插即用
●半高鍵帽結構，打字安靜 
●巧克力超薄鍵帽設計防手殘、防灰塵 
●可調式腳架符合人體工學 

產品規格  :
*介面 USB  /  鍵帽 巧克力 超薄
*功能鍵 Windows 開始鍵 
*線長 1.5 m  / 重量 560 g 
*尺寸（寬 x 高 x 深）  439 x 142 x 25 mm 

系統支援  :
*Windows? 7, 8, 8.1, 10 
* USB 連接埠 

包裝內含  :
*SlimStar 130 (有線鍵盤) 
*多國語言快速指南"	https://shopee.tw//Genius-SlimStar-130-超薄時尚輕巧-USB-鍵盤-i.6256296.1397616976
Genius 昆盈 黑碳機立體聲喇叭 SP-S110	$199				1	數量還剩27件	rubychennnnnnruby	https://shopee.tw/rubychennnnnnruby	27	品牌Genius 昆盈	Genius 昆盈	"本產品為小型二聲道桌上型喇叭
定價為$299元
*迷你尺寸最佳LCD搭配選擇
*個人娛樂週邊安裝簡易
*可搭配個人電腦,CD及MP3播放器
*與MAC系統相容
外盒有些老舊 但皆為全新"	https://shopee.tw//Genius-昆盈-黑碳機立體聲喇叭-SP-S110-i.30575111.6717658465
藍芽無線喇叭、so-906BT喇叭 、攜帶式藍芽喇叭	$440 - $480	$550	5	1	2	數量還剩7件	bivihsu	https://shopee.tw/bivihsu	台中市北屯區	NCCCCAJ16LP1071T3	Genius 昆盈	"[ 台灣現貨  24H內出貨 ]
賣場

(多款商品可以搭配一起使用唷!!)

★輕薄動感，恣意玩樂
★行動充電，隨充即用
★掛鉤設計，上山下海
★僅40mm驅動單體就能擁有讓您沉醉的好聲音


電子產品皆為全新未拆封新品
拆封後無法退換

#藍芽喇叭 #昆盈  #藍芽喇叭音箱 #藍牙喇叭 #藍芽 #藍芽音箱 #藍牙音響 #藍芽音響 #藍芽接收器 #無線藍牙 #無線藍芽喇叭 #無線藍芽音響 #無線藍芽音箱 #喇叭 #音箱 #音響喇叭 #無線喇叭 #sp906BT"	https://shopee.tw//藍芽無線喇叭、so-906BT喇叭-、攜帶式藍芽喇叭-i.542758.2279018310
套筒 手動套筒 白短 手短 1/2 11mm	$50		5	1	1	數量還剩9件	landy511028	https://shopee.tw/landy511028	台中市東區	類型套筒	Genius(昆盈)	"12角的手動套筒 1/2 11mm (4分 11mm)
產品如圖 出清價$50"	https://shopee.tw//套筒-手動套筒-白短-手短-1-2-11mm-i.2514867.1147403492
＊中崙五金【附發票】專業 GENIUS 油封拉拔器 油封器 O型環拉拔棒 4支組 PK-AHP4 優惠中!	$175		5	13	18	數量還剩64件	liang0318	https://shopee.tw/liang0318	高雄市鳳山區	品牌Genius(昆盈)	Genius(昆盈)	"專業 GENIUS 油封拉拔器 油封器 O型環拉拔棒
數量: 4支組
型號: PK-AHP4
優惠中!

#中崙五金 #五金 #專業 #GENIUS #油封拉拔器 #油封器 #O型環拉拔棒 #4支組 #PK-AHP4"	https://shopee.tw//＊中崙五金【附發票】專業-GENIUS-油封拉拔器-油封器-O型環拉拔棒-4支組-PK-AHP4-優惠中!-i.7973660.1082667373
＊中崙五金【附發票】加拿大-Genius 3/8凹*1/2凸 3分轉4分 氣動接頭 轉換套筒  變頭套筒 台灣製	$80		5	7	10	數量還剩87件	liang0318	https://shopee.tw/liang0318	高雄市鳳山區	品牌Genius(昆盈)	Genius(昆盈)	"加拿大-Genius 氣動接頭
規格: 3/8凹*1/2凸 (3分凹*4分凸)
產地: 台灣製
型號: 340040B
品質優!特價優惠中~

#中崙五金 #五金 #加拿大 #Genius #3/8凹*1/2凸 #氣動接頭 #轉換套筒 #替換接頭 #變頭套筒 #台灣製 #3分轉4分"	https://shopee.tw//＊中崙五金【附發票】加拿大-Genius-3-8凹*1-2凸-3分轉4分-氣動接頭-轉換套筒-變頭套筒-台灣製-i.7973660.1003386517
勇桑 Genius 4分六角凸頭組 TH-408M 規格5-19	$900 - $945				0	數量還剩1845件	n8865478	https://shopee.tw/n8865478	彰化縣鹿港鎮	品牌Genius(昆盈)	Genius(昆盈)	規格 5-6-8-10-12-14-17-19	https://shopee.tw//勇桑-Genius-4分六角凸頭組-TH-408M-規格5-19-i.17242471.7805463452
昆盈 Genius 藍芽喇叭 SP 906BT	$399				0	數量還剩1件	wed95	https://shopee.tw/wed95	高雄市左營區	NCCCCAJ15LP5920T8	Genius 昆盈	"全新沒用過
只有綠色一個 要買要快
規格如照片說明
高雄面交佳 只賣399
意者請先用 聊聊
外縣市運費另加

"	https://shopee.tw//昆盈-Genius-藍芽喇叭-SP-906BT-i.30832883.7737171108
??Genius 昆盈??SP-i165??樂舞精靈 立體聲喇叭 ? 迷你俏皮型可攜式喇叭-威尼斯紅??原價990	$288				0	數量還剩1件	angel_168	https://shopee.tw/angel_168	台中市大里區	顏色紅	Genius 昆盈	"Genius 昆盈
?(????)?  SP-i165 樂舞精靈 立體聲喇叭 ?(????)?
?威尼斯紅?
?? 現貨僅剩1組，把握機會，要買要快，售完就沒有了。?????????? ?? ?? ?? ??
?????????????????
? (???)   ?????? (?︿??)  ?
?╮(╯_╰)╭ 簡單 純淨 安心 ╮(╯?╰)╭?
?????????????????
*☆︵?   ?︵☆*
Genius 推出全新可攜式喇叭 - SP-i165，讓您將喜愛的音樂帶著走。本產品造型俏皮迷人，帶給您視覺與聽覺上的饗宴。SP-i165 採用 40mm 喇叭驅動器，可強化低音表現。內建長效充電式電池，讓您無論走到哪裡，都能和親友分享喜愛的音樂。充電的方式很簡便：只要接上桌上型或筆記型電腦的 USB 連接埠即可。SP-i165 能與任何配備標準 3.5 mm 音訊插孔的 iPad、iPod、iPhone、MP3/MP4 播放器及 CD 播放器一同使用。
∼∼∼(0^◇^0)/ ∼∼∼
．適用於智慧型手機、iPad、平板、筆記型電腦、MP3/MP4 播放器 
．40mm 驅動器，呈現清晰聲音及深沈低音 
．LED 指示燈：藍色 - 啟動；紅色 - 低電量／充電中 
．內建鋰電池，可透過 USB 迅速充電 
．長達八小時的播放時間 
．內附攜行袋
※※※ 出貨前會先拆開測試，測試OK才會出貨，實品如圖，售出後，不提供退換貨，可接受者才下標。※※※ 

#造型嬌小可愛俏皮迷人
#帶給您視覺與聽覺上的美麗饗宴
#內建長效充電式電池充電的方式很簡便
#走到哪裡都能和親友分享喜愛的音樂
#讓您將喜愛的音樂帶著走
下標即表示同意賣場規定  不面交不換物，謝謝！


"	https://shopee.tw//??Genius-昆盈??SP-i165??樂舞精靈-立體聲喇叭-?-迷你俏皮型可攜式喇叭-威尼斯紅??原價990-i.7378339.7619920557
新莊八德《砝碼配重 多快捷鍵 最後一檔出清！》昆盈 GX Gaming DeathTaker 奪命蠍 電競滑鼠 福利品	$749				0	數量還剩2件	letgo3c	https://shopee.tw/letgo3c	新北市新莊區	品牌Genius(昆盈)	Genius(昆盈)	"※下標前，請買家務必參閱 『關於我』，以避免交易糾紛。(小本經營請買家見諒)
※並請於下標前用「 問與答」，或「來電」確認是否有現貨，未詢問者，本賣場保留接單與否之權利。
(因商品 流動快速，敬請海涵，如遇缺貨，望請幫忙「取消交易」，感謝)
※「面交自取」，請出發前『務必』先來電確認，以免人員外出，造成您時間的浪費。
※以下商品規格僅供參考用，實際出貨以原廠提供的內容物為準，如有修改恕不另行通知，本賣場保留隨時修改之權利。
▂▂▂▂▂▂▂▂

公司庫存福利品，可進行砝碼配重，調整成最適合自己手感的滑鼠
如要開立發票需+5%稅金

-------
注意：
● 因產品流動速度快，下標前請先詢問有無現貨
● 產品相關技術問題請洽原廠頁面說明
● 本賣場產品為公司庫存品，因為久放導致外包裝泛黃、皮革漆黏手。出貨前會進行產品檢查，不介意再下標 ^_^
-------

產品特色：
● 專為""多人角色扮演遊戲""與""及時戰略遊戲""設計專業雷射電競鼠
● 專業級 9 鍵 MMO/RTS 遊戲滑鼠
● 超頻 SCGii：100 - 5700 dpi
● 最高達55組巨集鍵設計
● X/Y軸100-5700 dpi依遊戲習慣調節
● 可調整金屬砝碼（4.5 克 x 6）
● 內建記憶體隨插即用
● 1600 萬 RGB 背景燈光系統
● 鍍金USB插頭，提供穩定傳輸速度
● 符合人體工學的設計概念，提供長時間下的最佳操作舒適感
● 鍍金1.8M編織材質的USB滑鼠線設計

產品規格：

● 系統需求
Windows 7/Vista/XP
可用的 USB 連接埠

● 內容物
DeathTaker 遊戲滑鼠
DeathTaker UI 驅動程式
金屬砝碼（4.5 克 x 6）
多語快速安裝"	https://shopee.tw//新莊八德《砝碼配重-多快捷鍵-最後一檔出清！》昆盈-GX-Gaming-DeathTaker-奪命蠍-電競滑鼠-福利品-i.5410851.7604001092
勇桑 GENIUS標準短套筒 1/2手動套筒 （6角）	$58 - $250				0	數量還剩16966件	n8865478	https://shopee.tw/n8865478	彰化縣鹿港鎮	品牌Genius(昆盈)	Genius(昆盈)	正台灣製造GENIUS 1/2 手動套筒	https://shopee.tw//勇桑-GENIUS標準短套筒-1-2手動套筒-（6角）-i.17242471.7334676975
Genius MousePen M508W 時尚奢華2.4GHz無線多媒體專業繪圖板(8*5)	"$3,750"				0	數量還剩1件	aidh1977	https://shopee.tw/aidh1977	1	品牌Genius(昆盈)	Genius(昆盈)	"Genius首款無線數位繪圖板MousePen M508W，能帶給您無拘束自由設計及創作藝術的空間。這款2.4GHz無線數位板具有5”x 8”的操作區，能更輕鬆自然地設計作品，從現在起，您可以躺在沙發或地板上尋找繪畫靈感，再也不必煩惱距離或電腦連線的問題。
4000 LPI高解析度與1024階壓感度畫筆，必能符合您專業的繪圖需求，MousePen M508W則有4個快速鍵，可立即存取「桌面」、「Flip 3D」、「上一頁」及「下一頁」功能。本款數位板對於想要追求卓越的藝術創作及設計者而言是最佳的選擇!

產品特色: 
-  8""x5""工作區域-可調整寬螢幕及4:3螢幕比例
-  最新2.4GHz無線技術，傳輸距離可達10米以上
-  4000 LPI 高解析度及200PPS高速傳輸速率
-  支援微軟Office文件註解、電子簽章、MSN手寫即時訊息
-  超薄時尚設計，無線筆還可輕鬆收納攜帶，不佔空間整體設計
-  四顆快速鍵，可輕鬆操作頁面的上滾、下滾、顯示桌面及轉換文件程式功能
-  使用於團體學習、教學互動和專題討論，可直接註解充分溝通，立即紀錄完整
-  最佳創意工具，可用於繪圖、手寫、塗鴉、著色、照片編輯
-  簡單使用方式隨時保持無線溝通網際網路分享和傳遞資訊
-  搭配投影機成為最具效益無線電子白板，簡報會議不可缺少的專業工具
-  超低耗電，讓您可長時間使用，完全不怕沒電的煩惱"	https://shopee.tw//Genius-MousePen-M508W-時尚奢華2.4GHz無線多媒體專業繪圖板(8*5)-i.10865420.7218793835
Genius SP-U150X 雙聲道三角飯糰音樂喇叭(USB)-黑	$100				0	數量還剩1件	wedwu	https://shopee.tw/wedwu	台中市中區	品牌Genius 昆盈	Genius 昆盈	"有些微使用痕跡，
原廠盒已丟，故用別的盒子裝，不介意再下標

黑色鏡面烤漆 - 質感出眾 !
Genius最新推出的 SP-U150X，立體聲音樂喇叭，USB介面設計，輕鬆在平板電腦/筆記本電腦/桌上型電腦聆聽音樂。只需將USB插入到PC /筆記本電源和3.5mm音頻插頭插入音樂播放設備，即可馬上聽音樂。

SP-U150X三角飯糰圓形與光滑的黑色表面，絕對給你超乎立體聲感觀效果。它更有黑、黃、綠三種顏色選擇。自主配搭，方便又輕鬆。

產品特色：
．USB供電/隨插即用
．P.M.P.O 300W
．三角形圓邊的形狀和光滑的表面設計
．收聽音樂時提供極佳音質
．可搭配、個人電腦、CD 、MP3/MP4/MP5音樂播放器

商品規格：
．最大瞬間輸出功率：300W
．平均輸出功率：4W
．頻率響應：200Hz∼18000Hz
．噪訊比 (SNR)：70dB@
．電源：USB供電，最大5V／500mA
．尺寸：100x100x95mm"	https://shopee.tw//Genius-SP-U150X-雙聲道三角飯糰音樂喇叭(USB)-黑-i.40872225.7108898010
Genius DX-120有線滑鼠 白色	$120				0	數量還剩1件	chengou1688	https://shopee.tw/chengou1688	新北市中和區	品牌Genius(昆盈)	Genius(昆盈)	"昆盈 DX-120
桌上型光學滑鼠
USB連接埠可隨插即用於 Windows、Mac OS 作業系統

#Genius#DX-120#滑鼠"	https://shopee.tw//Genius-DX-120有線滑鼠-白色-i.203331056.7010471611
Genius 昆盈 SP-HF150 / USB木質音箱喇叭 現貨 銀色	$160				0	數量還剩1件	heyang_hsieh	https://shopee.tw/heyang_hsieh	新北市泰山區	品牌Genius 昆盈	Genius 昆盈	"◆產品顏色會因網頁呈現而有些許差異，以收到實品為準，介意者請勿下標。
◆下標前，請都先詢問是否有現貨，感謝!!全新未拆封。保證公司貨。

Genius 昆盈

SP-HF150 / USB木質音箱喇叭(原木色) 木質音箱，聆聽好聲音。 低音內建，擴大機。 音質出眾，動感加分。 2.0 聲道搭配 4 瓦 RMS 總功率。 產品規格 : ．RMS 功率：2 W x 2 ．驅動單體：2 mm ．電源供應：USB 500 mAh ．AUX-in 音源孔：有 ．音量調節：有 ．重量：644 g ．電源線長：1.2 m ．尺寸（寬 x 高 x 深）：84 x 129 x 84 mm 包裝內容： ．兩個喇叭 ．多國語言快速指南"	https://shopee.tw//Genius-昆盈-SP-HF150-USB木質音箱喇叭-現貨-銀色-i.9950506.6828576688
!【ATek購物網】Genius GHP-220X 奢華酷炫內耳抗噪式耳機(白色)	$220				0	數量還剩1件	jackie9818	https://shopee.tw/jackie9818	新北市三重區	品牌Genius 昆盈	Genius 昆盈	"◆ 密閉型耳塞式設計，提供完整的聲音覆蓋度
◆ 極佳的低音效果，高聲音清晰度
◆ 深沉渾厚的低音強化效果，全面進化音質
◆ 高雅、無與倫比的清晰性和渾厚低音聲"	https://shopee.tw//!【ATek購物網】Genius-GHP-220X-奢華酷炫內耳抗噪式耳機(白色)-i.9717493.6200282905
Genius HS-M450有線耳機 頭戴式/可摺疊	$100				0	數量還剩1件	xsimonchux	https://shopee.tw/xsimonchux	新北市板橋區	品牌Genius 昆盈	Genius 昆盈	#有線耳機  #紅色 #可接電話  #可內建麥克風	https://shopee.tw//Genius-HS-M450有線耳機-頭戴式-可摺疊-i.16240776.6126235773
【全新3C】昆盈 Genius SP-D120 晶鑽方塊 USB供電 USB 2件式多媒體喇叭（鏡面烤漆-質感黑）可面交	$169				0	數量還剩1件	peach1985	https://shopee.tw/peach1985	新北市中和區	類型主動抗躁型	Genius 昆盈	"昆盈 Genius SP-D120 黑色 USB 2件式多媒體喇叭

台北市歡迎自取/面交，聊聊出價

為二聲道有線喇叭，採用3.5mm立體聲接頭USB供電，
台灣Genius上市公司產品
規格如下表
．喇叭單體：40 X 40 mm
．頻率響應：140Hz~20KHz 
．訊噪比：80dB 
．功能：音量控制鈕（在喇叭後方）
．耳機插孔：無
．尺吋：11.6 x 8.7 x 10.4 cm ( W x H x D )
．重量：422g
．RMS：2W
"	https://shopee.tw//【全新3C】昆盈-Genius-SP-D120-晶鑽方塊-USB供電-USB-2件式多媒體喇叭（鏡面烤漆-質感黑）可面交-i.35939180.5334331182
昆盈 slimstar130 輕薄 有線 USB鍵盤 巧克力鍵盤 Genius	$250				0	數量還剩1件	3qgirls	https://shopee.tw/3qgirls	新北市泰山區	品牌Genius(昆盈)	Genius(昆盈)	"買多了，全新未使用，只有一個
Windows 7，8，10或更高版本
重量550g
尺寸439 × 142 × 25 mm
線長1.6m

#有線鍵盤 #USB鍵盤 #昆盈鍵盤 #genuine鍵盤 #巧克力鍵盤 #輕量鍵盤 #黑色鍵盤"	https://shopee.tw//昆盈-slimstar130-輕薄-有線-USB鍵盤-巧克力鍵盤-Genius-i.11517953.5313666121
Genius 2.4G 迷你型 無線滑鼠 攜帶方便	$80				0	數量還剩1件	kabbiliu202	https://shopee.tw/kabbiliu202	台北市內湖區	品牌Genius(昆盈)	Genius(昆盈)	Genius 2.4G 迷你型 無線滑鼠 攜帶方便	https://shopee.tw//Genius-2.4G-迷你型-無線滑鼠-攜帶方便-i.101519244.5306247847
Genius  鍵盤	$150				0	數量還剩1件	smithtsai0823	https://shopee.tw/smithtsai0823	高雄市林園區	品牌Genius(昆盈)	Genius(昆盈)	有拆封，因為與自己的電腦不合，所以沒有使用過	https://shopee.tw//Genius-鍵盤-i.89013466.5301481972
(全新)昆盈Genius Powerscroll PS/2 USB 雙用有線機械式滑鼠	$100				0	數量還剩1件	linuxwuo	https://shopee.tw/linuxwuo	新北市板橋區	品牌Genius(昆盈)	Genius(昆盈)	公司搬家意外中找出來的古董設備，幾近全新，規格就是PS/2 USB 雙用有線機械式滾輪滑鼠	https://shopee.tw//(全新)昆盈Genius-Powerscroll-PS-2-USB-雙用有線機械式滑鼠-i.30080241.5235184441
電競鼠 巨集指令 射擊 吃雞 網咖 比賽 編寫 設計 福利品	$690				0	數量還剩2件	chrig	https://shopee.tw/chrig	台中市潭子區	品牌Genius(昆盈)	Genius(昆盈)	"雖不是知名電競商，卻是滑鼠代工知名昆盈廠，物超所值
親民價格就能擁有專業級的電競鼠

專業遊戲滑鼠，功能強，握感舒適

僅此庫存

產品特色 :
◆專為""多人角色扮演遊戲""與""及時戰略遊戲""設計專業雷射電競鼠
◆專業級 9 鍵 MMO/RTS 遊戲滑鼠
◆超頻 SCGii：100 - 5700 dpi 
◆最高達55組巨集鍵設計
◆X/Y軸100-5700 dpi依個人遊戲習慣調節
◆可調整金屬砝碼（4.5 克 x 6） 
◆內建記憶體隨插即用
◆1600 萬 RGB 背景燈光系統 
◆鍍金USB插頭，提供穩定傳輸速度
◆符合人體工學的設計概念，提供長時間下的最佳操作舒適感
◆鍍金1.8M編織材質的USB滑鼠線設計"	https://shopee.tw//電競鼠-巨集指令-射擊-吃雞-網咖-比賽-編寫-設計-福利品-i.1898036.5121251938
?全新公司貨?Genius HS-210C 立體聲輕型線控耳機麥克風 可開發票	$199				0	數量還剩3件	ariel_cranberry	https://shopee.tw/ariel_cranberry	桃園市中壢區	品牌Genius 昆盈	Genius 昆盈	"適用於桌上型/筆記型電腦的輕型耳機麥克風

Genius 的新型 PC 用耳機麥克風 HS-210C 是最適合聊天
使用的輕型耳機麥克風。HS-210C 有可調整的不袗頭帶
以及舒適的耳罩，即使長時間配戴也可以提供極致舒適感。

配備 360° 可調整麥克風，以及一個線控音量控制，
可輕鬆地提高或降低音量。是您視訊交談時的好幫手。


產品特色：

• 立體聲耳機麥克風
• 使用 MSN/Net phone/Skype 時的絕佳配備
• 可調整不袗頭帶
• 360°可調整麥克風
• 可線控調整音量

• 三組一起購買『免運』/ 另開賣場

可開發票/稅金外加"	https://shopee.tw//?全新公司貨?Genius-HS-210C-立體聲輕型線控耳機麥克風-可開發票-i.2200100.5120812155
Genius 黑碳機立體聲喇叭 加滑鼠*2 鍵盤*1 組桌機電腦者必備	$399				0	數量還剩1件	aaq45520	https://shopee.tw/aaq45520	高雄市前鎮區	顏色黑	Genius 昆盈	"立體聲喇叭全新

外加兩個滑鼠全新跟鍵盤一個

一起便宜賣出

新組電腦者必備"	https://shopee.tw//Genius-黑碳機立體聲喇叭-加滑鼠*2-鍵盤*1-組桌機電腦者必備-i.100497653.4918682210
"[彰化股東會紀念品拍賣中心]


Genius 藍光 無線滑鼠 型號 :  NX-7010"	$200				0	數量還剩5件	redcotton	https://shopee.tw/redcotton	彰化縣鹿港鎮	NCCCCAJ15LP3321T2	Genius(昆盈)	"Genius 藍光 無線滑鼠 型號 :  NX-7010  

藍光技術適用任何材質表面，如霧面玻璃、大理石、地毯 
2.4GHz無線藍光，10公尺長距離操作 
1200dpi高解析感應，穩定精準操控 
通用的無線接收器，相容多個裝置 
左右手皆適用，使用順暢 
原廠提供1年保固

無線系統 : 2.4GHz
按鍵數 : 3 (左, 右, 中鍵滾輪)
感應器 : BlueEye藍光
重量 : 79g (includes receiver)
尺寸 (HxWxD) : 57 x 105 x 37 mm
BSMI認證 : CI314062582262-P1
NCC認證 : CCAJ15LP3321T2

商品規格 :
系統需求  :
Windows 8 / 10 或以上版本
Mac OS X 10.7.4 或以上 "	https://shopee.tw//-彰化股東會紀念品拍賣中心-Genius-藍光-無線滑鼠-型號-NX-7010-i.13341027.4901377439
昆盈 HS-M450有線耳機（頭戴式耳機麥克風）	$80				0	數量還剩1件	a80502020	https://shopee.tw/a80502020	新北市永和區	類型頭戴式	Genius 昆盈	"九成新，只試聽過一次，就沒用了
可接電話（手機平板可用），可調整音量，不接受退貨，便宜賣80元，可接受再購買，謝謝
"	https://shopee.tw//昆盈-HS-M450有線耳機（頭戴式耳機麥克風）-i.28532091.4412834929
新莊八德《側鍵設計 含稅附發票 最後一檔出清！》昆盈 GX Gaming Maurus 沙漠黃金蠍 光學滑鼠 電競滑鼠	$399		5	1	1	數量還剩2件	letgo3c	https://shopee.tw/letgo3c	新北市新莊區	品牌Genius(昆盈)	Genius(昆盈)	"※下標前，請買家務必參閱 『關於我』，以避免交易糾紛。(小本經營請買家見諒)
※並請於下標前用「 問與答」，或「來電」確認是否有現貨，未詢問者，本賣場保留接單與否之權利。
(因商品 流動快速，敬請海涵，如遇缺貨，望請幫忙「取消交易」，感謝)
※「面交自取」，請出發前『務必』先來電確認，以免人員外出，造成您時間的浪費。
※以下商品規格僅供參考用，實際出貨以原廠提供的內容物為準，如有修改恕不另行通知，本賣場保留隨時修改之權利。
▂▂▂▂▂▂▂▂▂▂▂

原廠公司庫存品，含稅附發票，最後一檔出清！

-------
注意：
● 因產品流動速度快，下標前請先詢問有無現貨
● 產品相關技術問題請洽原廠頁面說明
● 本賣場產品為公司庫存福利品，外觀有些許刮痕，請參照實體照，不介意再下標哦 ^_^
-------

產品特色：
● 專為""第一人稱射擊遊戲""設計專業電競鼠
● 450/900/1800/3500 DPI依個人遊戲習慣調節
● 兩個即切換鍵
● 依個人手感可進行配重20克調整
● 內建記憶體隨插即用
● 按鍵壽命高達800萬次
● 鍍金1.8M編織材質的USB滑鼠線設計
● 內建20克金屬配重設計，提供最佳手感及舒適度

產品規格：
● 商品型號：GE-GX-MS1
● 商品名稱：GX Gaming Maurus 沙漠黃金蠍-專業雷射電競鼠
● 系統需求：Windows 7/Vista/XP
● 解 晰 度：450/900/1800/3500 DPI
● 連 接 埠：USB 連接埠
● 按 鍵 數：5(左/右/中/上/下)
● 內 容 物：
　-Maurus 遊戲滑鼠
　-Maurus UI 驅動程式
　-多語快速安裝
● 產　　地：中國大陸

※以上規格資料若有任何錯誤，以原廠所公佈資料為準※"	https://shopee.tw//新莊八德《側鍵設計-含稅附發票-最後一檔出清！》昆盈-GX-Gaming-Maurus-沙漠黃金蠍-光學滑鼠-電競滑鼠-i.5410851.4405234578
Genius 飛梭精靈迷你光學滑鼠	$100				0	數量還剩1件	kitty19880124	https://shopee.tw/kitty19880124	桃園市中壢區	品牌Genius(昆盈)	Genius(昆盈)	"全新未拆封
有線"	https://shopee.tw//Genius-飛梭精靈迷你光學滑鼠-i.2984041.4225454595
[現貨] 股東會贈品 Genius 昆盈 NX-7010 藍光無線滑鼠-海洋藍(含1800mAh充電電池+充電線)	$220				0	數量還剩2件	thelmacrazy	https://shopee.tw/thelmacrazy	新北市中和區	NCCCcs	Genius(昆盈)	"Genius 昆盈 NX-7010 藍光無線滑鼠 (  海洋藍 )

●藍光技術適用任何材質表面，如霧面玻璃、大理石、地毯 
●2.4GHz無線藍光，10公尺長距離操作 
●1600dpi高解析感應，穩定精準操控 
●支援 SmartGenius App 
●通用的無線接收器，相容多個裝置 

商品規格:
系統支援: Windows 8, 8.1, 10 ／Mac OS 10.7.4 或以上版本 
無線系統:2.4GHz 
按鍵數:3（左、右、中間滾輪按鍵） 
解析度 (DPI):800／1200／1600 
感應器:BlueEye藍光 
重量:59g(含接受器) 
尺寸: W58 x H100 x D39 mm (2.28 x 3.97 x 1.54 inches) 

商品內容:
•滑鼠本體 
•迷你無線接收器
•AA鹼性電池  
•使用說明書
"	https://shopee.tw//-現貨-股東會贈品-Genius-昆盈-NX-7010-藍光無線滑鼠-海洋藍(含1800mAh充電電池-充電線)-i.6509563.4213885065
降價出清 只有一個 昆盈 繪圖板	"$1,000"				0	數量還剩1件	nancy1230	https://shopee.tw/nancy1230	高雄市左營區	品牌Genius(昆盈)	Genius(昆盈)	全新 繪圖板 只有一個出清 1000元	https://shopee.tw//降價出清-只有一個-昆盈-繪圖板-i.3172811.4032445295
Genius HS-M450 耳罩式有線耳機 (可折疊)	$399				0	數量還剩6件	yswangtw	https://shopee.tw/yswangtw	彰化縣和美鎮	類型頭戴式	Genius 昆盈	"高音質清脆好聲, 折疊易攜, 輕量舒適, 免持通話

◆輕量舒適的包覆性耳罩設計
◆絕佳音質
◆折疊易攜
◆線控調整音量
◆有線麥克風
◆免持通話 一鍵接聽

音質體驗  動感驚豔 HS-M450
輕巧舒適的耳罩式耳機，耳罩設計有助於隔離環境噪聲，內建麥克風提供清晰的語音通話品質，好聲音繼承了Genius的一貫的好品質。
輕量舒適的頭戴式體驗
只有音樂  沒有噪音
只有音樂沒有噪音 沉醉於音樂世界獨自享受
折疊易攜
簡單折疊式設計創造靈活性，攜帶方便
免持麥克風
HS-M450具備免持有線麥克風功能，讓你在聆聽音樂時可調整音量大小或方便接聽電話，不再錯過重要來電"	https://shopee.tw//Genius-HS-M450-耳罩式有線耳機-(可折疊)-i.19474158.4004456952
Genius 昆盈 GX Gaming DeathTaker 奪命蠍-MMO/RTS 專業雷射電競鼠[GE-GX-MS2	"$1,290"				0	數量還剩15件	f8910i	https://shopee.tw/f8910i	桃園市桃園區	品牌Genius(昆盈)	Genius(昆盈)	"◆專為""多人角色扮演遊戲""與""及時戰略遊戲""設計專業雷射電競鼠
◆專業級 9 鍵 MMO/RTS 遊戲滑鼠
◆超頻 SCGii：100 - 5700 dpi 
◆最高達55組巨集鍵設計
◆X/Y軸100-5700 dpi依個人遊戲習慣調節
◆可調整金屬砝碼（4.5 克 x 6） 
◆內建記憶體隨插即用
◆1600 萬 RGB 背景燈光系統 
◆鍍金USB插頭，提供穩定傳輸速度
◆符合人體工學的設計概念，提供長時間下的最佳操作舒適感
◆鍍金1.8M編織材質的USB滑鼠線設計

GX Gaming DeathTaker 奪命蠍-專業雷射電競鼠

MMO/RTS 專業遊戲滑鼠
Genius 推出 GX gaming 系列 DeathTaker，為 MMO/RTS 專用雷射遊戲滑鼠。您可隨意自行設定，在 MMO/RTS 遊戲中順利闖關，成為最具爆發力的遊戲玩家。
DeathTaker 內建超頻 SCGii 引擎，可展現 100 - 5700範圍，讓玩家輕鬆變換不同遊戲戰場。全速 CPU 與記憶晶片能讓巨集設定避免遊戲阻滯，提供玩家 1-ms（快 8 倍）的回應時間，加上鍍金飾邊的 USB 連接線能為遊戲戰鬥時提供穩定流暢的單一連線。
耐用的 800 萬次點擊能為 MMO/RTS 玩家提供舒適的點擊手感，可調整重量設計，擁有 6 個金屬砝碼（每個重 4.6 克），而可調整的 X/Y 軸 dpi 更能符合遊戲戰場需求。
DeathTaker 使用 Scorpion UI，讓玩家設定多達 55 鍵的「快捷鍵」、「管理巨集」，並有「進階設定」可自訂滑鼠效能，以及「照明選項」能選擇多達 1600 百萬種美妙的背景燈光顏色。
適合 MMO/RTS 遊戲使用，舒適的設計與絕佳的手感，加上在所有遊戲中的出色表現，讓 DeathTaker 成為重度遊戲玩家的唯一選擇。立刻化身為專業級玩家！
產品特色 :
◆專為""多人角色扮演遊戲""與""及時戰略遊戲""設計專業雷射電競鼠
◆專業級 9 鍵 MMO/RTS 遊戲滑鼠
◆超頻 SCGii：100 - 5700 dpi 
◆最高達55組巨集鍵設計
◆X/Y軸100-5700 dpi依個人遊戲習慣調節
◆可調整金屬砝碼（4.5 克 x 6） 
◆內建記憶體隨插即用
◆1600 萬 RGB 背景燈光系統 
◆鍍金USB插頭，提供穩定傳輸速度
◆符合人體工學的設計概念，提供長時間下的最佳操作舒適感
◆鍍金1.8M編織材質的USB滑鼠線設計"	https://shopee.tw//Genius-昆盈-GX-Gaming-DeathTaker-奪命蠍-MMO-RTS-專業雷射電競鼠-GE-GX-MS2-i.13081104.3720323149
Genius可攜帶式藍芽喇叭 隨身藍牙喇叭 藍牙無線喇叭	$359				0	數量還剩1件	keep_smile_520	https://shopee.tw/keep_smile_520	1	NCCCCAJ16LP1071T3	Genius 昆盈	"全新商品，末使用，詳如照片

品名:Genius炫彩馬卡龍 藍牙無線喇叭 SP-906BT 
顏色:橘色

隨身音樂帶著走，自行車、健行、釣魚、爬山、運動、均可使用 
藍芽版本：4.1 
頻率響應：100HZ-20KHz 
電池：500毫安培內建可充電鋰電池 
充電介面：Micro USB 
電池續航力：5小時或更長 
內建麥克風：有 
重量：146公克尺寸：8x8.77x4.5公分;結合掛勾8x14.5x4.5公分

包裝內容 :
■SP-906BT無線藍牙喇叭
■Micro USB 充電用線材
■多國語言快速指南

#Genius#炫彩馬卡龍 #隨身藍牙喇叭 #SP-906BT #藍芽喇叭 #喇叭 #運動必備"	https://shopee.tw//Genius可攜帶式藍芽喇叭-隨身藍牙喇叭-藍牙無線喇叭-i.232910846.3525304104
【Genius 昆盈 NX-7010 藍光精靈 無線滑鼠 】昆盈 股東會紀念品】	$180				0	數量還剩5件	mhkg147	https://shopee.tw/mhkg147	台中市龍井區	NCCNCC	Genius(昆盈)	【Genius 昆盈 NX-7010 藍光精靈 無線滑鼠 l昆盈	https://shopee.tw//【Genius-昆盈-NX-7010-藍光精靈-無線滑鼠-】昆盈-股東會紀念品】-i.4439675.3417528800
"[彰化股東會紀念品拍賣中心]

昆盈
Genius HS-M450? 耳罩式摺疊耳機 內建麥克風 紅"	$200				1	數量還剩2件	redcotton	https://shopee.tw/redcotton	彰化縣鹿港鎮	類型耳罩式	Genius 昆盈	"Genius HS-M450? 耳罩式摺疊耳機 內建麥克風

高性能驅動單體 40 mm
頻率響應  150 Hz - 20K Hz
靈敏度  105 ± 3 dB @ 1K Hz
阻抗  32 ohm ± 5%
插頭  3.5 mm 插孔
單手控音接聽 是
線控選項 音量調節
顏色  紅
重量  115 g


 "	https://shopee.tw//-彰化股東會紀念品拍賣中心-昆盈-Genius-HS-M450-耳罩式摺疊耳機-內建麥克風-紅-i.13341027.2888734848
Genius GP-B200 觸控筆 主動式電容 / 精準掌握重點 / 極佳滑順筆觸 (三色可選) IOS專用	$500 - $600				0	數量還剩3件	doris1027	https://shopee.tw/doris1027	3	品牌Genius(昆盈)	Genius(昆盈)	昆盈Apple手機、平板專用觸控筆	https://shopee.tw//Genius-GP-B200-觸控筆-主動式電容-精準掌握重點-極佳滑順筆觸-(三色可選)-IOS專用-i.369107.2730139023
Genius炫彩馬卡龍 隨身藍牙喇叭SP-906BT (五色可選)	$350		4.9	51	125	數量還剩12件	exetech3c	https://shopee.tw/exetech3c	台北市信義區	NCCCCAJ15LP5920T8	Genius 昆盈	"Genius炫彩馬卡龍 隨身藍牙喇叭SP-906BT (五色-可選) 


行動充電隨充即用，便於攜帶..不管是露營、外出遊玩、運動的最佳工具 

可選5款顏色：消光黑、湛粉藍、魔力紅、耀眼橘、動感綠

藍芽版本：4.1 
驅動單體：40mm
瓦數：3 watts 
頻率響應：100HZ-20KHz
靈敏度：>70dB 
配對有效距離：30公尺 
電池：500毫安培內建可充電鋰電池 
充電介面：Micro USB 
電池續航力：完全充電∼2.5小時；連續播放∼5小時或更長 
內建麥克風：有 
重量：146公克尺寸：8x8.77x4.5公分;結合掛勾8x14.5x4.5公分


包裝內含 :

■SP-906BT無線藍牙喇叭
■Micro USB 充電用線材
■多國語言快速指南"	https://shopee.tw//Genius炫彩馬卡龍-隨身藍牙喇叭SP-906BT-(五色可選)-i.6256296.39661976
Genius TRAVELER 6000 無線彩鯨鼠	$250				0	數量還剩10件	0906239449lucky	https://shopee.tw/0906239449lucky	台北市中正區	品牌Genius(昆盈)	Genius(昆盈)	#genius #無線滑鼠 #滑鼠 #無線彩鯨鼠 	https://shopee.tw//Genius-TRAVELER-6000-無線彩鯨鼠-i.52571876.2690508764
坤盈 耳機 Genius	$100				0	數量還剩1件	bnqqnb	https://shopee.tw/bnqqnb	台北市中正區	類型線控式	Genius 昆盈	坤盈 耳機	https://shopee.tw//坤盈-耳機-Genius-i.4618394.2680459755
Genius GHP-420S 時髦款 音樂 耳機 mp3 ipad	$99				0	數量還剩4件	chrig	https://shopee.tw/chrig	台中市潭子區	類型耳罩式	Genius 昆盈	"賣場內還有很多福利品，品項陸續增加中....耳機/滑鼠等很多樣

流行潮風Genius音樂耳機－GHP-420S。
可調式頭帶設計及柔軟可旋轉90度耳墊提供一個非常舒適的感覺，適合於長時間聆聽。
 
GHP-420S 給你輕鬆愜意地享受音樂與玩遊戲。極端輕鬆的感受，輕便的可摺疊和超輕量級
設計理念，給愛流行的年輕人最好的選擇。

．型　　號：GE-GHP-420S
．產品名稱：Genius GHP-420S 自我風格主義-時髦款音樂耳機
．顏　　色：藍色/黑色/紫色/白色
．尺　　寸：190 x 143 x 22 mm
．重　　量：66 g
．線　　長：1.2M
．驅動單元：30 mm Neodymium
．頻率響應：20Hz~20kHz
．阻　　抗：32歐姆
．靈 敏 度：107dB± 3dB
．輸入接頭：3.5mm立體聲鍍金接頭
．產　　地：中國大陸"	https://shopee.tw//Genius-GHP-420S-時髦款-音樂-耳機-mp3-ipad-i.1898036.2514450583
Genius GHP-220X 奢華酷炫內耳抗噪隔絕式耳機(紫薇)	$100				0	數量還剩1件	aircatking	https://shopee.tw/aircatking	1	品牌Genius 昆盈	Genius 昆盈	"◆ 密閉型耳塞式設計，提供完整的聲音覆蓋度 
◆ 極佳的低音效果，高聲音清晰度 
◆ 深沉渾厚的低音強化效果，全面進化音質 
◆ 高雅、無與倫比的清晰性和渾厚低音聲 
◆ 三種耳塞尺寸，可完美貼合您的耳朵"	https://shopee.tw//Genius-GHP-220X-奢華酷炫內耳抗噪隔絕式耳機(紫薇)-i.53219135.2403847311
全新Genius MousePen i608數位繪圖版	"$1,500"				0	數量還剩1件	j7988l28	https://shopee.tw/j7988l28	1	品牌Genius(昆盈)	Genius(昆盈)	"#Genius #MousePen #i608 #數位繪圖版 #繪圖版 #創意 #專業 #禮物

全新未使用過∼ 歡迎詢問，電池要另購喔！（看官網介紹應是4號電池）

? 型號 : MousePen i608
? 工作區域 : 6〞× 8〞
? 產品介面 : USB
? USB線長 : 141cm
? 創新設計 : 新穎美型．獨享生活創意
? 快捷鍵 : 29個快捷鍵設計(可自由依喜好設定)
? 數位板解析度 : 2540lpi (真實值)
? 反應時間 : 200 rps
? 筆壓感值 : 1024 階
? 準確度 : 0.3mm
? 筆感高度 : 10 mm
? 畫板尺寸 : 26.5 (L) x 30(W) cm 
? Windows作業系統：Windows 8(需至原廠下載驅動程式) / 7 / VISTA / XP / 2000 
? MAC作業系統：MAC OS X 10.4.11/10.5.8/10.6 above"	https://shopee.tw//全新Genius-MousePen-i608數位繪圖版-i.12916475.2332444612
Genius KB-210 USB 鍵盤	$276				0	數量還剩10件	wtype	https://shopee.tw/wtype	新北市新莊區	品牌Genius(昆盈)	Genius(昆盈)	"介面	USB
鍵帽樣式	凹面
多媒體快捷鍵	F1-F12，Windows啟動屏幕鍵
顏色	黑色
重量	505g
尺寸	460 × 164 × 28 mm（18.11 × 6.46 × 1.1 英寸）"	https://shopee.tw//Genius-KB-210-USB-鍵盤-i.15351887.2270454759
昆盈NX-7005無線滑鼠 沉穩黑	$313				0	數量還剩10件	wtype	https://shopee.tw/wtype	新北市新莊區	品牌Genius(昆盈)	Genius(昆盈)	"系統需求  
■Windows 7 / 8 / 10 或以上版本
■Mac OS X 10.7.4 或以上版本
■Available USB port
 
產品規格  
■無線系統	2.4GHz
■按鍵數	3 (左, 右, 中鍵滾輪)
■解析度 (DPI)	1200
■感應器	BlueEye藍光
■色彩	沉穩黑, 氣質白, 海洋藍, 熱情紅, 春天綠
■重量	79g (includes receiver)
■尺寸 (HxWxD)	100 x 58 x 39 mm (3.94 x 2.28 x 1.54 inches)
■BSMI認證	CI314062582262-P1
■NCC認證	CCAJ15LP3323T6"	https://shopee.tw//昆盈NX-7005無線滑鼠-沉穩黑-i.15351887.2256901854
9成新，燦坤買鍵盤	$189				0	數量還剩1件	May-12	https://shopee.tw/may2012	台中市南區	品牌Genius(昆盈)	Genius(昆盈)	"那時候在外面臨時要用，記得買五六百吧

只用過兩次左右，放著可惜，便宜出清

只有鍵盤，滑鼠有拿起來了

試用三天有問題無條件退回
歡迎台中，烏日，大里，太平面交
歡迎聊聊詢問"	https://shopee.tw//9成新，燦坤買鍵盤-i.1766064.2244325222
勇桑 GENIUS高品質起子接桿 1/4-3/8-1/2	$36 - $60		5	2	6	數量還剩1491件	n8865478	https://shopee.tw/n8865478	彰化縣鹿港鎮	品牌Genius(昆盈)	Genius(昆盈)	GENIUS高品質起子接桿	https://shopee.tw//勇桑-GENIUS高品質起子接桿-1-4-3-8-1-2-i.17242471.6310848691
Genius到哪都能用的藍光無線鼠！NX- 7010 無線滑鼠/3C/電腦簡單	$300				0	數量還剩1件	blacktea77	https://shopee.tw/blacktea77	高雄市鳳山區	NCC121235474897454	Genius(昆盈)	"

#7010  #滑鼠 #無線滑鼠  #昆盈   "	https://shopee.tw//Genius到哪都能用的藍光無線鼠！NX-7010-無線滑鼠-3C-電腦簡單-i.16788838.2027782043
Genius 昆盈 HS-M260 高音質入耳式降噪耳機	$300				0	數量還剩1件	memomemo19	https://shopee.tw/memomemo19	新北市永和區	品牌Genius 昆盈	Genius 昆盈	#降噪耳機 	https://shopee.tw//Genius-昆盈-HS-M260-高音質入耳式降噪耳機-i.12043716.2012213336
最低價 Genius X-G200 有線電競滑鼠(全新品)			5	1	3	數量還剩0件	westkuoo	https://shopee.tw/westkuoo	新北市板橋區	品牌Genius(昆盈)	Genius(昆盈)	"商品規格
可以左右開弓，有酷炫紅光，
．感應器：Optical
．解析度 (DPI)：1000
．線長：1.5 m
．按鍵數：3（左、右、中間滾輪按鍵）
．顏色：黑
．重量：92 g
．尺寸 (W x H x D)：67.3 x 120 x 39.1 mm (2.65 x 4.72 x 1.54 inches)
．Windows? 7, 8, 8.1, 10
．Mac OS 10.7.4 或以上版本
．USB 連接埠
#電競滑鼠#genius#遊戲滑鼠

"	https://shopee.tw//最低價-Genius-X-G200-有線電競滑鼠(全新品)-i.65921775.2000628354
【藍芽喇叭】大炮級超重低音喇叭	$390				0	數量還剩1件	dm155206	https://shopee.tw/dm155206	高雄市大社區	NCCCCAJ16LP1071T3	Genius 昆盈	#藍牙喇叭 #藍芽喇叭 	https://shopee.tw//【藍芽喇叭】大炮級超重低音喇叭-i.12618201.1988496539
Ghp 220x抗噪式耳機	$200				0	數量還剩2件	tonychen91	https://shopee.tw/tonychen91	台中市大甲區	類型耳道式	Genius 昆盈	昆盈 奢華酷炫內耳抗噪式耳機	https://shopee.tw//Ghp-220x抗噪式耳機-i.10965154.1903834308
加拿大 GENIUS 1/2(4分) 39mm 氣動套筒 電動套筒 單個	$400				0	數量還剩9999件	an0910	https://shopee.tw/an0910	南投縣南投市	品牌Genius(昆盈)	Genius(昆盈)	加拿大 GENIUS 1/2(4分) 39mm 氣動套筒 電動套筒	https://shopee.tw//加拿大-GENIUS-1-2(4分)-39mm-氣動套筒-電動套筒-單個-i.5335258.1877348251
加拿大 GENIUS 1/2(4分) 27mm 氣動套筒 電動套筒~現貨~	$300				0	數量還剩9999件	an0910	https://shopee.tw/an0910	南投縣南投市	品牌Genius(昆盈)	Genius(昆盈)	加拿大 GENIUS 1/2(4分) 27mm 氣動套筒 電動套筒~現貨~	https://shopee.tw//加拿大-GENIUS-1-2(4分)-27mm-氣動套筒-電動套筒~現貨~-i.5335258.1877343916
{藤井小舖}Genius 昆盈 HS-M260 高音質入耳式降噪耳機麥克風 (白色)	$399				0	數量還剩1件	boy000015	https://shopee.tw/boy000015	彰化縣伸港鄉	品牌Genius 昆盈	Genius 昆盈	"#彰化市文化局或火車站方可以面交喔!
#此為白色最後一個喔!
#特價399喔!














 
商品規格：
．驅動單元:8mm
．靈敏度:95dB ± 3dB@1KHz
．頻率響應:20Hz – 15KHz
．耳機線長度:1.2M
．插頭:3.5mm jack
．麥克風：有
．播放控制：有
．阻抗：16 ± 15% Ω
．重量：16g
．保固資訊：1年有限硬體保固
 
麥克風規格 
．靈敏度：-42dB ± 3dB
．頻率響應：100Hz – 8KHz
 
包裝內容：
．HS-M260 headset
．兩副耳套(大，小)
．使用說明書"	https://shopee.tw//-藤井小舖-Genius-昆盈-HS-M260-高音質入耳式降噪耳機麥克風-(白色)-i.12210412.1795868023
Genius HS-M260有線耳機（黑）	$150				0	數量還剩1件	chingandfeng	https://shopee.tw/chingandfeng	台北市內湖區	品牌Genius 昆盈	Genius 昆盈	"#Genius #有線 #耳機

入耳式耳機 , 扁線防纏繞, 重低音設計, 線控麥克風, 可替換耳塞
● 高解析度高音、中音以及超強重低音 
● 麵條扁線設計，減少耳機線磨損或糾結 
● 絕佳噪音隔絕功能，有效杜絕環境音干擾 
● 線控麥克風，一鍵接聽來電與控制播放

產品規格 
■驅動單元	8mm 
■靈敏度	95dB ± 3dB@1KHz 
■頻率響應	20Hz – 15KHz 
■耳機線長度	1.2M 
■插頭	3.5mm jack 
■麥克風	有 
■播放控制	有 
■阻抗	16 ± 15% Ω 
■重量	16g 

麥克風規格 
■靈敏度	■-42dB ± 3dB 
■頻率響應	■100Hz – 8KHz 

包裝內容 
■HS-M260 headset 
■兩副耳套(大，小) 
■使用說明書"	https://shopee.tw//Genius-HS-M260有線耳機（黑）-i.1367798.1794008676
?崑盈?電玩耳機HS-G500W	$800				0	數量還剩1件	ocsiatoy	https://shopee.tw/ocsiatoy	雲林縣二崙鄉	類型頭戴式	Genius 昆盈	"全新未拆封
人造皮革頭帶與耳墊
具震動功能
追求高品質玩家必備耳機
附有麥克風
下標前請先私訊我"	https://shopee.tw//?崑盈?電玩耳機HS-G500W-i.5576941.1754023227
~遇見幸福手作坊~  圓圈電腦保護袋	$297	$350			0	數量還剩1件	hope7499	https://shopee.tw/hope7499	新北市三重區	品牌Genius(昆盈)	Genius(昆盈)	"圓圈電腦保護袋
尺寸34.5*25.5*1.5cm
防震材質，給電腦完整保護
全新，未使用
歡迎聊聊
#電腦保護袋
"	https://shopee.tw//~遇見幸福手作坊~-圓圈電腦保護袋-i.7672072.1665395940
Genius GHP-220X 奢華酷炫內耳抗噪式耳機(雙色)	$300				0	數量還剩1件	m6a9mx	https://shopee.tw/m6a9mx	台中市后里區	品牌Genius 昆盈	Genius 昆盈	"

時尚造型設計的 Genius GHP-220X 耳塞式耳機配備三種尺寸耳罩，可完美貼合您的耳朵並阻絕外部雜音。GHP-220X 採用微型先進技術的驅動體，讓您在慢跑、運動或旅行之中也能沉浸於絕妙的聆賞體驗。
GHP-220X 具備特別調校的9mm驅動體，可提供全範圍的清晰音質，以及適合各種音樂類型的絕佳低音共鳴效果。奢華酷炫機身設計，不僅堅固耐用，還能提供更為優異的共鳴，為您帶來終極的音響效果。
GHP-220X 搭載3.5mm鍍金轉接頭，能提供可靠的連接，確保更長的使用壽命。更棒的是，本產品相容於iPod, iTouch, iPhone,mp3 player, portable audio device or laptop，絕對能符合您的的音樂聆賞需求！


產品特色 :?
◆密閉型耳塞式設計，可以提供完整的聲音覆蓋度?
◆內耳式抗噪功能，可提供卓越的耐用性及更佳的共鳴效果?
◆深沉渾厚的低音強化效果，全面進化音質?
◆三種耳塞尺寸，可完美貼合您的耳朵?
◆提供優雅的藍白混搭色設計?
◆高雅、無與倫比的清晰性和渾厚低音聲
◆擁有最強的清晰度和舒適度

商品規格

．頻率響應：20Hz~20KHz?
．阻抗：16 ohm?
．靈敏度：95dB ± 4dB at 1KHz?
．喇叭驅動器：9mm?
．線長：120cm ± 5mm?
．機身：輕量化酷炫設計?
．Connector：3.5mm鍍金插頭
．主體重量：8g

#耳機#喇叭#清晰#舒適# 耳塞#音樂#共鳴#
耳罩#抗噪#雜音#運動"	https://shopee.tw//Genius-GHP-220X-奢華酷炫內耳抗噪式耳機(雙色)-i.3981000.1628969785
蝦皮優選~協明~ Genius GHP-220X 奢華酷炫內耳抗噪隔絕式耳機	$199				0	數量還剩2件	teng0170	https://shopee.tw/teng0170	台中市大里區	品牌Genius 昆盈	Genius 昆盈	"時尚設計與純然的聆賞體驗 

時尚造型設計的 Genius GHP-220X 耳塞式耳機配備三種尺寸耳罩，可完美貼合您的耳朵並阻絕外部雜音。GHP-220X 採用微型先進技術的驅動體，讓您在慢跑、運動或旅行之中也能沉浸於絕妙的聆賞體驗。
GHP-220X 具備特別調校的9mm驅動體，可提供全範圍的清晰音質，以及適合各種音樂類型的絕佳低音共鳴效果。奢華酷炫機身設計，不僅堅固耐用，還能提供更為優異的共鳴，為您帶來終極的音響效果。
GHP-220X 搭載3.5mm鍍金轉接頭，能提供可靠的連接，確保更長的使用壽命。更棒的是，本產品相容於iPod, iTouch, iPhone,mp3 player, portable audio device or laptop，絕對能符合您的的音樂聆賞需求！


產品特色 : 
◆密閉型耳塞式設計，可以提供完整的聲音覆蓋度 
◆內耳式抗噪功能，可提供卓越的耐用性及更佳的共鳴效果 
◆深沉渾厚的低音強化效果，全面進化音質 
◆三種耳塞尺寸，可完美貼合您的耳朵 
◆提供優雅的藍白混搭色設計 
◆高雅、無與倫比的清晰性和渾厚低音聲
◆擁有最強的清晰度和舒適度

GHP-220X
頻率響應	20Hz~20KHz
阻抗	16 ohm
靈敏度	95dB ± 4dB at 1KHz
喇叭驅動器	9mm
線長	120cm ± 5mm
機身	輕量化酷炫設計
Connector	3.5mm鍍金插頭，相容於iPod, iTouch, iPhone,
mp3 player, portable audio device or laptop.
主體重量：8g
包裝箱尺寸：152 mm × 55mm × 32mm

包裝內容物：
三種尺寸的耳塞"	https://shopee.tw//~協明~-Genius-GHP-220X-奢華酷炫內耳抗噪隔絕式耳機-i.3220189.1553682512
全新 昆盈 Gwnius HS-M260 高音質入耳式降噪耳機麥克風 白色 有線耳機	$99				0	數量還剩1件	uwei0923	https://shopee.tw/uwei0923	台中市潭子區	類型耳道式	Genius 昆盈	"全新 昆盈 Gwnius HS-M260 高音質入耳式降噪耳機麥克風 白色 有線耳機

型號：HS-M260
"	https://shopee.tw//全新-昆盈-Gwnius-HS-M260-高音質入耳式降噪耳機麥克風-白色-有線耳機-i.2535821.1406954706
Genius KB-210 / KB-110( 缺貨) / USB 防潑水/薄膜按鍵(採用超商取貨 / 不含外盒包裝 )	$185		1	1	1	數量還剩29件	exetech3c	https://shopee.tw/exetech3c	台北市信義區	品牌Genius(昆盈)	Genius(昆盈)	"** 下訂前..請務必留意....
1) . 此商品體積過大..不符合超商取貨規定..
只能採用 "" 宅配 "" 方式交貨 .
2).若採用超商取貨 ( 不含外盒包裝 )

KB-210 / KB 110--DIY / 網咖 / 辦公 / 家用最佳選擇！

產品簡介 ~

KB 210 / 110 是Genius 最新款超薄桌上型鍵盤，採用典雅的黑色漆面流線造型，人體工學護腕設計。無聲的鍵蓋結構提供最佳質感 (如同筆記型電腦)，給您最舒適安靜的打字環境。
KB 210 / 110 具有貼心的防濺灑設計，即使將飲料擱置在旁也能安心地作業。
薄型鍵盤的創新與舒適等領先優勢設計絕對超乎您所想像。

產品特色~
流線造型設計
人體工學護腕設計
大口徑防潑水設計
薄膜式按鍵，觸感極佳
高品質壽命達100萬次使用

系統需求~
1.IBM PC Pentium 相容或以上
2.Windows 7/Vista/XP x64/XP/2000


商品規格~
介面：USB
按鍵：薄膜式按鍵
大口徑防潑水設計
舒適人體工學護腕設計
額定電壓：5V
額定電流：200mA"	https://shopee.tw//Genius-KB-210-KB-110(-缺貨)-USB-防潑水-薄膜按鍵(採用超商取貨-不含外盒包裝-)-i.6256296.5931966326
《LuBao》Genius 昆盈 KB-125 堅持極簡 USB鍵盤	$250				0	數量還剩10件	penny010018	https://shopee.tw/penny010018	台北市士林區	品牌Genius(昆盈)	Genius(昆盈)	"?堅固耐用的鍵帽設計

?隨插即用，薄型鍵盤打字

?Windows 7, 8, 8.1, 10都適用

?保證原廠公司貨全新品，品質優良，安心購買
   購買前請先透過聊聊詢問現貨狀況後再下單
   確認訂單後也請於三天內完成付款動作，以方便出貨
   當商品拆封後恕無法退貨，除新品不良，非人為因素可聊聊詢問(並保留外盒完整)
   如退貨來回運費須由買家承擔
   建議拆封時錄影存證，以保障您我的權利

?有任何問題都歡迎聊聊詢問?

#Genius #KB125 #USB鍵盤 #昆盈"	https://shopee.tw//《LuBao》Genius-昆盈-KB-125-堅持極簡-USB鍵盤-i.1591891.1341483614
GENIUS 4分 四分滑桿 延長桿 T型快脫(拆)式接桿.T型板手.套筒板手 T桿	$350				0	數量還剩1件	gt1200	https://shopee.tw/gt1200	高雄市左營區	品牌Genius(昆盈)	Genius(昆盈)	GENIUS  4分 四分滑桿 延長桿 T型快脫(拆)式接桿.T型板手.套筒板手 T桿	https://shopee.tw//GENIUS-4分-四分滑桿-延長桿-T型快脫(拆)式接桿.T型板手.套筒板手-T桿-i.9577848.1251121265
【台南華駿】Genius HS-M220 立體聲耳塞式耳機麥克風 (GE-HSM220) (紅色/綠色) AI	$590				0	數量還剩2件	coolnotime	https://shopee.tw/coolnotime	台南市安南區	類型耳道式	Genius 昆盈	"請注意！機殼、主機、螢幕.....等大尺寸物品，無法使用超商店到店。僅可宅配或貨運到府。




產品特色

1.臨場的低音震撼。
2.人體工學耳塞式耳機麥克風。
3.耳道式耳機設計，提供密閉空間，阻絕外界噪音。
4.提供3組不同尺寸之矽膠材質耳套，讓佩戴更舒適。
5.提供整合式麥克風和撥號按鈕。
6.適用於 Apple、Samsung、HTC、LG…等智慧型手機。


注意事項

1.請勿將產品靠近水源或是火源，避免造成主體損傷！
2.產品顏色會因網頁呈現而有些許差異，以收到實品為準。
3.礙於個人衛生問題，購買前請確認規格，此商品拆封恕不退換(新品瑕疵除外)


產品規格

商品型號：GE-HSM220
產品顏色：Genius HS-M220 立體聲耳塞式耳機麥克風
驅 動 器：紅色/綠色
本體重量：9mm
線　　長：12 g
頻率響應：120 ± 5 cm
阻　　抗：F0 ~ 20KHz
靈 敏 度：16ohm±15%
接　　頭：95±3dB
商品名稱：3.5mm 鍍金插孔




#電競 #電競耳麥
#聲海 #美洲獅 #芝奇 #鐵修羅 #藝極 #曜越 #金士頓 #旋剛 #賽德斯 #海盜船 #華碩 #羅技 #微星 #雷蛇 #MSI #TT"	https://shopee.tw//【台南華駿】Genius-HS-M220-立體聲耳塞式耳機麥克風-(GE-HSM220)-(紅色-綠色)-AI-i.16299458.1225177711
繪圖板	"$2,500"				0	數量還剩1件	xlook23x	https://shopee.tw/xlook23x	台中市大里區	品牌Genius(昆盈)	Genius(昆盈)	全新未使用，只有光碟片拿來安裝過。	https://shopee.tw//繪圖板-i.1837073.1164681114
@Awan@ DX-120桌上型光學滑鼠(白)	$158				0	數量還剩1件	69april27	https://shopee.tw/69april27	高雄市三民區	品牌Genius(昆盈)	Genius(昆盈)	"~~~~下單前或對商品有任何疑問請先用聊聊詢問~~~~

??USB連接埠可隨插即用於 Windows、Mac OS 作業系統
??左右手皆適用~按鍵數	3（左、右、中間滾輪按鍵）
??特殊處理的材質即便長時間使用也舒適無比
??線長1.5m
          重量85 g
          尺寸60 × 105 × 37 mm
??原廠 1 年有限硬體保固  ** 任何未經授權進行的拆封和維修均將導致本保固失效。

~~~~下單前或對商品有任何疑問請先用聊聊詢問~~~~"	https://shopee.tw//-Awan-DX-120桌上型光學滑鼠(白)-i.61171407.1161189620
[出清]Genius 昆盈 DX-120 有線滑鼠 - 紅色	$135				1	數量還剩3件	jasmine133333	https://shopee.tw/jasmine133333	台北市北投區	品牌Genius(昆盈)	Genius(昆盈)	"[出清]Genius 昆盈 DX-120 有線滑鼠 - 黑色
WIN10 / WIN8 / Windows 7/Vista/XP/Me/2000/98SE 相容
介面 : USB 連接埠

產品規格
■感應器 Optical
■線長 1.5 m
■按鍵數 3（左、右、中間滾輪按鍵）
■重量 85 g
■尺寸 (W x H x D) 60 x 105 x 37 mm (2.36 x 4.13 x 1.46 inches)
※全新品現貨
※保固依原廠規定，本賣場無保固，介意者請勿下單喔
※產品流動性大，下單前，請先詢問庫存喔！3QQ 
※請在下標購買前詳讀各項資訊並確認商品規格是否符合您的需求，避免造成雙方不愉快交易喔~
歡迎聊聊喔紅"	https://shopee.tw//-出清-Genius-昆盈-DX-120-有線滑鼠-紅色-i.22679710.1122759286
【台南華駿】aibo Genius NX-MICRO魔幻精靈捲線鼠 (GE-NX-MICRO) AI	$429				0	數量還剩1件	coolnotime	https://shopee.tw/coolnotime	台南市安南區	品牌Genius(昆盈)	Genius(昆盈)	"請注意！機殼、主機、螢幕.....等大尺寸物品，無法使用超商店到店。僅可宅配或貨運到府。




產品特色

1.採用1200 dpi的BlueEye引擎提供更精準的操控性。
2.左右手均適用。
3.伸縮式USB接頭。
4.藍尾照明系統。


產品規格

商品型號：GE-NX-MICRO
商品名稱：Genius NX-MICRO魔幻精靈捲線鼠
商品顏色：銀黑色
商品尺寸：76 x 47 x 33 mm
商品重量：49g
介面支援：USB
系統支援：Windows 7/Vista/XP or Mac OSX 10.4+
按鈕數量：3顆（左、右、中間）
解   析  度 ：1200 dpi BlueEye




#電競 #電競耳機 #耳麥
#電競滑鼠 #機械式鍵盤 #電競鍵盤
#特價 
#賽德斯 #雙飛燕 #Bloody #曜越 #TT #corsair #海盜船 #TESORO #鐵修羅 #Roccat #雷蛇 #RAZER #ZOWIE #DUCKY #鴨子 #創傑 #kingston #EPICGEAR #藝極 #賽睿 #STEELSERIES #I-ROCKS #AZIO"	https://shopee.tw//【台南華駿】aibo-Genius-NX-MICRO魔幻精靈捲線鼠-(GE-NX-MICRO)-AI-i.16299458.1064281692
AGAMA A-300 可摺疊後戴式耳機麥克風	$149		5	1	5	數量還剩45件	larry5706	https://shopee.tw/larry5706	桃園市桃園區	品牌Genius 昆盈	Genius 昆盈	AGAMA A-300 可摺疊後戴式耳機麥克風	https://shopee.tw//AGAMA-A-300-可摺疊後戴式耳機麥克風-i.1271028.721511936
加拿大 GENIUS 1/2(4分) 38mm 短頸 氣動套筒 電動套筒 單個	$250				0	數量還剩9999件	an0910	https://shopee.tw/an0910	南投縣南投市	品牌Genius(昆盈)	Genius(昆盈)	加拿大 GENIUS 1/2(4分) 38mm 短頸 氣動套筒 電動套筒	https://shopee.tw//加拿大-GENIUS-1-2(4分)-38mm-短頸-氣動套筒-電動套筒-單個-i.5335258.1870969765
genius 昆盈 有線耳機 HS m260 金黃色 enjoyable 麥克風	$200		5	1	1	數量還剩3件	a76a126	https://shopee.tw/a76a126	新北市土城區	顏色金	Genius 昆盈	"#昆盈 #有線耳機 HS #m260 #金黃色 #enjoyable
#麥克風 #genius"	https://shopee.tw//genius-昆盈-有線耳機-HS-m260-金黃色-enjoyable-麥克風-i.9294535.291889203
藍光精靈無線滑鼠	$300				0	數量還剩1件	meko28kimo	https://shopee.tw/meko28kimo	新北市三重區	NCC37c93877400212	Genius(昆盈)	藍光精靈無線滑鼠	https://shopee.tw//藍光精靈無線滑鼠-i.4727779.268515391
＊中崙五金【附發票】加拿大 GENIUS 專業級 6分頭 長: 16吋(400mm) 氣動延長接桿 640400	$880				0	數量還剩12件	liang0318	https://shopee.tw/liang0318	高雄市鳳山區	品牌Genius(昆盈)	Genius(昆盈)	"加拿大 GENIUS 專業級 氣動延長接桿

規格: 6分頭 長: 16吋 (400mm)
＊#中崙五金 #五金 【附發票】#加拿大 #GENIUS 專業級 #6分頭 #長:16吋(400mm) #氣動延長接桿 #640400"	https://shopee.tw//＊中崙五金【附發票】加拿大-GENIUS-專業級-6分頭-長-16吋(400mm)-氣動延長接桿-640400-i.7973660.1745125669
勇桑 GENIUS 手動萬向接頭 1/4-3/8-1/2-3/4	$80 - $117		5	1	1	數量還剩899件	n8865478	https://shopee.tw/n8865478	彰化縣鹿港鎮	品牌Genius(昆盈)	Genius(昆盈)	"GENIUS手動萬向接頭 1/4-3/8-1/2-3/4

"	https://shopee.tw//勇桑-GENIUS-手動萬向接頭-1-4-3-8-1-2-3-4-i.17242471.4208592362
Genius 昆盈 GX Gaming IMPERATOR 帝皇蠍 遊戲鍵盤	"$1,290"				0	數量還剩5件	gracepc	https://shopee.tw/gracepc	彰化縣伸港鄉	品牌Genius(昆盈)	Genius(昆盈)	"產品特色
● 全速專業電競鍵盤。
● USB 2.0 介面高速遊戲鍵盤。
● 18組程式化巨集鍵。
● 7顆多媒體快速鍵。
● 按鍵開關壽命可達1000萬次。
● 即時切換巨集鍵可立即切換至不同遊戲類型。
● 3U鍍金1.8M編織的USB 線材設計。
● 內建記憶體可使遊戲巨集更順暢。

產品規格-滑鼠
● 介面：USB 2.0
● 媒體鍵：7
● 設定檔：3
● 可程式巨集鍵：6
● 印刷：中文
● 按鍵壽命：1000萬次
● 尺寸：500(D) x 500(W) x 33.5(H)mm
● 重量：835g
● 系統需求：Windows 7 / 8 / vista / XP
● 包裝內容：鍵盤、1.8m連接線、驅動程式光碟、安裝手冊"	https://shopee.tw//Genius-昆盈-GX-Gaming-IMPERATOR-帝皇蠍-遊戲鍵盤-i.3974317.108237104
新莊八德《面交只要299！ 原廠一年保固》Genius 昆盈 USB 有線 KM-125 鍵盤滑鼠組 鍵鼠組 經典款	$379				0	數量還剩1件	letgo3c	https://shopee.tw/letgo3c	新北市新莊區	品牌Genius(昆盈)	Genius(昆盈)	"※下標前，請買家務必參閱 『關於我』，以避免交易糾紛。(小本經營請買家見諒)
※並請於下標前用「 問與答」，或「來電」確認是否有現貨，未詢問者，本賣場保留接單與否之權利。
(因商品 流動快速，敬請海涵，如遇缺貨，望請幫忙「取消交易」，感謝)
※「面交自取」，請出發前『務必』先來電確認，以免人員外出，造成您時間的浪費。
※以下商品規格僅供參考用，實際出貨以原廠提供的內容物為準，如有修改恕不另行通知，本賣場保留隨時修改之權利。
▂▂▂▂▂▂▂▂

全新公司貨，面交只要299！
原廠一年保固！
----------
注意：
● 因產品流動速度快，下標前請先詢問有無現貨
● 產品相關技術問題請洽原廠 官 方 網 站
● 因產品外盒體積過大，如要超商取件者，必須將外包裝拆除哦~
----------


產品特色：
● 耐用設計，鍵帽經得起考驗..
● 舒適安靜，光滑手感低鍵帽..
● 防潑水設計

產品規格：
● 光學有線滑鼠鍵盤組 
● 傳輸介面：鍵盤/USB ，滑鼠/USB 
● 標準鍵盤設計 
● 滑鼠解析度：1200 DPI 
● 滑鼠線長 ：1.5m 
● 鍵盤線長 ：1.5m
● 鍵帽類型：凹面 
● 支援系統：Windows 7，8，8.1，10 
● 重量：540g 
● 尺寸： 452 x 162 x 23mm （寬 x 高 x 深）
● 顏色： 黑

詳細規格及相關說明請參閱原廠頁面說明"	https://shopee.tw//新莊八德《面交只要299！-原廠一年保固》Genius-昆盈-USB-有線-KM-125-鍵盤滑鼠組-鍵鼠組-經典款-i.5410851.1714327706
Genius KB-210 辦公室鍵盤	$289				0	數量還剩10件	wtype	https://shopee.tw/wtype	新北市新莊區	品牌Genius(昆盈)	Genius(昆盈)	"介面	USB
鍵帽樣式	凹面
多媒體快捷鍵	F1-F12，Windows啟動屏幕鍵
顏色	黑色
重量	505g
尺寸	460 × 164 × 28 mm（18.11 × 6.46 × 1.1 英寸）"	https://shopee.tw//Genius-KB-210-辦公室鍵盤-i.15351887.1666600217
昆盈 Genius NetScroll 120  極光精靈 / USB 光學滑鼠 ( 鈦金色 )	$150		5	2	3	數量還剩27件	exetech3c	https://shopee.tw/exetech3c	台北市信義區	品牌Genius(昆盈)	Genius(昆盈)	"昆盈 Genius NetScroll 120  極光精靈 / USB 光學滑鼠 ( 鈦金色 ) 

產品說明 :
輕巧設計的電腦光學滑鼠
符合人體工學的造形設計可長時間使用
採用1200 dpi光學引擎 . 
輕巧的造型設計，最適合電腦使用者。

NetScroll 120採用高精準度的1200 dpi光學感測器，
擁有平順到難以令人置信的游標軌跡追蹤性能，
讓您更輕鬆、更有效率地瀏覽文件或網頁。

NetScroll 120能完美搭配所有類型的電腦使用，且左右手均適用。

商品尺寸：110×55×30mm(W×H×D) 
商品顏色：鈦金色 
介面支援：USB
按鍵數：3個按鍵 
光學解析度：1200dpi 
系統支援：Windows NT / ME / 2000 / XP / Vista / 7 / 8 / 10等"	https://shopee.tw//昆盈-Genius-NetScroll-120-極光精靈-USB-光學滑鼠-(-鈦金色-)-i.6256296.2208598479
【台南華駿】aibo Genius DX-220藍寶精靈USB滑鼠 (GE-DX220) AI	$280				0	數量還剩3件	coolnotime	https://shopee.tw/coolnotime	台南市安南區	品牌Genius(昆盈)	Genius(昆盈)	"請注意！機殼、主機、螢幕.....等大尺寸物品，無法使用超商店到店。僅可宅配或貨運到府。




產品特色

1.高精確度個性化藍光滑鼠，不但可提高工作效率，更可完美搭配您的電腦工作環境。
2.左右手均適用。
3.採用1200 dpi的BlueEye引擎提供更精準的操控性。
4.符合人體工學的圓弧造型讓您長時間使用仍感舒適。
5.新一代BlueEye技術，幾乎適用於任何表面。


產品規格

商品型號：GE-DX220
商品名稱：Genius DX-220藍寶精靈USB滑鼠
商品顏色：黑、藍、黃
商品尺寸：98 x 55 x 35mm
商品重量：96g
介面支援：USB
解 析 度 ：1200 dpi BlueEye
按鈕數量：3顆（左、右、中間）
系統支援：Windows 7/Vista/XP or Mac OSX 10.4+




#電競 #電競耳機 #耳麥
#電競滑鼠 #機械式鍵盤 #電競鍵盤
#特價 
#賽德斯 #雙飛燕 #Bloody #曜越 #TT #corsair #海盜船 #TESORO #鐵修羅 #Roccat #雷蛇 #RAZER #ZOWIE #DUCKY #鴨子 #創傑 #kingston #EPICGEAR #藝極 #賽睿 #STEELSERIES #I-ROCKS #AZIO"	https://shopee.tw//【台南華駿】aibo-Genius-DX-220藍寶精靈USB滑鼠-(GE-DX220)-AI-i.16299458.1064262607
Genius 頭戴式 耳罩式 立體聲 摺疊式 耳機	$149				0	數量還剩4件	rightfulness	https://shopee.tw/rightfulness	台北市大安區	類型頭戴式	Genius 昆盈	"通通都是現貨喔！都能直接下標！
內附耳機套喔！
買陸製仿冒名牌，不如買這台灣製造，正版貨
耐用度和音質都無可挑惕！
普普風 不論運動或紳士都非常搭喔！

頭帶長度可調整，也可自由摺疊，氣墊式耳罩旋轉幅度180度，配戴舒適。三向摺疊設計，是一台可輕鬆隨意調整以取得最佳舒適性的耳機。

全新庫存喔！    原價：430

都是現貨喔！不是淘寶貨，都是可當天寄出喔！

"	https://shopee.tw//Genius-頭戴式-耳罩式-立體聲-摺疊式-耳機-i.2306568.8529847
Genius 頭戴式 耳罩式 立體聲 摺疊式 耳機	$149				0	數量還剩6件	rightfulness	https://shopee.tw/rightfulness	台北市大安區	類型頭戴式	Genius 昆盈	"買大陸仿冒品，不如買台灣品牌的台灣製造正品

這支CP值極高的耳機，∼超耐用∼造型清爽典雅，重量輕∼佩戴舒適，音質也相當好！
不聽的時候掛在脖子上，也非常無重量感喔！
做造型也相當美

頭帶可調整高低，氣墊式耳罩，耳機旋轉幅度90 度

全新庫存喔！   原價：450 

都是現貨喔！不是淘寶貨，免等待！都是可當天寄出喔！

"	https://shopee.tw//Genius-頭戴式-耳罩式-立體聲-摺疊式-耳機-i.2306568.8529327
Genius 昆盈 GX Gaming 沙漠黃金蠍 MAURUS 雷射滑鼠 電競滑鼠	$888				0	數量還剩5件	gracepc	https://shopee.tw/gracepc	彰化縣伸港鄉	品牌GX Gaming	GX Gaming	"GX gaming 系列真人射擊滑鼠，Maurus。此款專業的 FPS 遊戲滑鼠搭載眾多設計特色，可自行設定喜愛的功能，展現令人震撼的遊戲表現，讓您在遊戲中攻無不克，贏得勝利。

Maurus 搭載超頻 SCGi 引擎，可發揮 450 - 3500 dpi 範圍，即使僅使用 450 dpi 也絕不會錯失任何攻擊目標，必要時，還可使用更快的速度。全速處理控制組是利用內建記憶體，提供玩家 1-ms（快 8 倍）的回應時間，並以鍍金飾邊的 USB 連接線，為戰鬥提供穩定流暢的單一連線。

OMROM 切換鍵擁有 800 萬次點擊的預期使用壽命，且反應敏捷，讓您在遊戲中發射武器時能享有身歷其境的感覺。

玩家還可透過Maurus內含的 Scorpion UI 編寫巨集鍵，以便可在遊戲戰場上快速使用巨集。Scorpion UI 亦能存取快捷鍵、進階設定與燈光系列，讓您震懾戰場，攻無不克。

現在就加足火力吧！Maurus為專業射擊玩家夢寐以求的滑鼠，擁有橡膠塗層裝飾的最佳捉握設計，而且最重要的是，玩家僅需使用Maurus就能通往勝利的一方。



產品特色 
◆ 專為""第一人稱射擊遊戲""設計專業雷射電競鼠
◆ 450/900/1800/3500 DPI依個人遊戲習慣調節
◆ 兩個即切換鍵
◆ 依個人手感可進行配重20克調整
◆ 內建記憶體隨插即用
◆ 按鍵壽命高達800萬次
◆ 鍍金1.8m編織材質的USB滑鼠線設計
◆ 內建20克金屬配重設計，提供最佳手感及舒適度"	https://shopee.tw//Genius-昆盈-GX-Gaming-沙漠黃金蠍-MAURUS-雷射滑鼠-電競滑鼠-i.3974317.7134896630
昆盈 Micro Traveler 飛梭精靈 超迷你滑鼠	$350				0	數量還剩3件	gogoman626	https://shopee.tw/gogoman626	3	品牌自有品牌	自有品牌	"昆盈 Micro Traveler 飛梭精靈 超迷你滑鼠
 
全心庫存品出清-紅色

隨插即用的USB介面
設計精巧、方便攜帶，適合筆記型電腦 
先進的精準控制，採用1200 dpi光學引擎
尺寸僅74mm長，比一張名片更小"	https://shopee.tw//昆盈-Micro-Traveler-飛梭精靈-超迷你滑鼠-i.44992137.6824278871
昆盈 Micro Traveler 飛梭精靈 超迷你滑鼠	$320				0	數量還剩4件	gogoman626	https://shopee.tw/gogoman626	4	品牌自有品牌	自有品牌	"昆盈 Micro Traveler 飛梭精靈 超迷你滑鼠

 全心庫存品出清-紅色

隨插即用的USB介面
設計精巧、方便攜帶，適合筆記型電腦 
先進的精準控制，採用1200 dpi光學引擎
尺寸僅74mm長，比一張名片更小"	https://shopee.tw//昆盈-Micro-Traveler-飛梭精靈-超迷你滑鼠-i.44992137.6524281980
幸福小站-昆盈 Genius HS-M450  耳罩式摺疊耳機 內建麥克風 紅(股東會紀念品)	$180				0	數量還剩3件	pda6712	https://shopee.tw/pda6712	宜蘭縣冬山鄉	類型耳罩式	自有品牌	"全新(股東會紀念品)
Genius HS-M450  耳罩式摺疊耳機 內建麥克風
高性能驅動單體 40 mm
頻率響應  150 Hz - 20K Hz
靈敏度  105 ± 3 dB @ 1K Hz
阻抗  32 ohm ± 5%
插頭  3.5 mm 插孔
單手控音接聽 是
線控選項 音量調節
顏色  紅
重量  115 g
"	https://shopee.tw//幸福小站-昆盈-Genius-HS-M450-耳罩式摺疊耳機-內建麥克風-紅(股東會紀念品)-i.1374641.6432543024
昆盈 Genius SW-2.1 375 音色驚豔 三件式木質音箱 (木紋)	$969				0	數量還剩1件	waiting0127	https://shopee.tw/waiting0127	桃園市八德區	品牌Genius	Genius	"．木質音箱設計，音色驚豔 
．諦聽輕快，明亮的律動 
．低音內建擴大機 
．前方調整音量與低音 
．配備3.5 mm音源孔

包裝內容：
一個重低音喇叭
兩個衛星音箱
多國語言快速指南

規格：
總輸出功率（瓦）	12 W
RMS（瓦特）	重低音：6W
衛星音箱：3 W×2
高性能驅動單體	重低音：3”; 6Ω
衛星音箱：3”×2; 4Ω
電源供應	110V or 220V AC
音量調節	是
音源輸入	3.5 mm
電源線長	1.5m
顏色	木/黑
重量	重低音：918克
衛星音箱：256克 x 2
尺寸	重低音：
120×142x180 mm
（4.72x5.59x7.08英吋）
衛星音箱：
90×90×80mm
（3.54x3.54×3.14英吋）
#genius #重低音 #重低音喇叭 "	https://shopee.tw//昆盈-Genius-SW-2.1-375-音色驚豔-三件式木質音箱-(木紋)-i.13552111.3533689915
蝦皮優選【諾特電子】Genius 昆盈 HS-M225 入耳式抗噪耳機麥克風 (3色)	$306				0	數量還剩300件	norte.electron	https://shopee.tw/norte.electron	台北市中正區	品牌0		"Δ 入耳式耳機具備絕佳噪音隔絕功能，可有效杜絕噪音
Δ 線控麥克風，具備語音通話和播放控制，如前進/後退，暫停和播放
Δ 高靈敏度麥克風可提供清晰的語音通話品質
★★本賣場為個人經營模式，恕無提供發票★★
~~~~~ 台灣本島出貨 ~~~~~
? 每日截單時間為早上１０點整＆下午２點(超過２點後的訂單，一律下個工作天處理)
? 有現貨就會出貨 沒有現貨會需要時間處理
? 禮拜一 至 禮拜五 天天出貨 (例國定假日除外)
? 週六日下單，延至下禮拜一 上班時間處理訂單
? 賣場任何下標、售後問題及任何疑問，請使用聊聊客服專員將竭誠為您服務
? 客訂製品, 恕不接受退貨處理 (退貨請使用郵局寄送 要憑證)
? 宅配不配送 - 澎湖,金門,馬祖
? 可超商取貨
? 現貨：1-3天內寄出
? 預購：追加5個工作天以上
? 斷貨：如不幸斷貨會用 聊聊通知
》物流選『賣家宅配』者，一律使用「新竹貨運」，正常來說﹝隔天﹞就會收到貨
》物流選『超商取貨』或『超商貨到付款』的買家，請知悉從出貨日+2天或3天才會到貨(本島)
》並請務必取件。謝謝


◇ 疫情可能導致　部分商品漲價　停產　缺貨　延遲出貨 請見諒"	https://shopee.tw//【諾特電子】Genius-昆盈-HS-M225-入耳式抗噪耳機麥克風-(3色)-i.97312723.1608394093
Genius 昆盈 木質典雅音箱喇叭 (SP-HF160	$450				0	數量還剩1件	jenny07150719	https://shopee.tw/jenny07150719	桃園市八德區	類型二件式	Genius	"音色細膩、清晰優美 
●造型小巧 方便攜帶 
●線長110cm，桌電筆電皆適用 
●時尚個性2色 
●原廠提供1年保固 
通過BSMI認證:R31258"	https://shopee.tw//Genius-昆盈-木質典雅音箱喇叭-(SP-HF160-i.2913773.1569795088
Genius 昆盈 NX-7010 藍光無線滑鼠 含1800mAh充電電池+充電線 USB充電滑鼠	$249		5	1	1	數量還剩8件	daphneelin	https://shopee.tw/daphneelin	新北市新莊區	NCCCCAJ15LP3322T4	自有品牌	 Genius 昆盈 NX-7010 藍光無線滑鼠 含1800mAh充電電池+充電線 USB充電滑鼠	https://shopee.tw//Genius-昆盈-NX-7010-藍光無線滑鼠-含1800mAh充電電池-充電線-USB充電滑鼠-i.2941973.1250331894
Genius 昆盈USB重低音喇叭(黑/SP-J120)	$390				0	數量還剩1件	yoyo0956	https://shopee.tw/yoyo0956	台北市文山區	品牌自有品牌	自有品牌	"Genius 昆盈USB重低音喇叭(黑/SP-J120)
底部防滑，動次動次也不怕 
2.0聲道搭配4瓦RMS總功率 
清晰有力的音質 
低音內建擴大機 
規格
RMS 功率:2 W x 2 
驅動單體: 2 mm 
電源供應: USB 500 mAh 
電源線長: 1.2 m 
額定電壓:DC 5V 0.5A 
尺寸:W87 x H87 x D130 mm"	https://shopee.tw//Genius-昆盈USB重低音喇叭(黑-SP-J120)-i.3960760.1234365932
昆盈Hs-M450有線耳機	$200				0	數量還剩1件	s19841223	https://shopee.tw/s19841223	台北市大安區	品牌自有品牌	自有品牌	"全新
紅色"	https://shopee.tw//昆盈Hs-M450有線耳機-i.6168146.1206909285
Genius 昆盈Nx-7010 藍光精靈 無線滑鼠 海洋藍	$250				0	數量還剩10件	ling_ling_shop	https://shopee.tw/ling_ling_shop	10	NCCNx_7010	自有品牌	"商品名稱:Genius 昆盈 藍光精靈無線滑鼠 海洋藍

"	https://shopee.tw//Genius-昆盈Nx-7010-藍光精靈-無線滑鼠-海洋藍-i.46179060.1090263605
昆盈 有線耳機 折疊耳機  外掛式耳機 頭戴耳機	$109		5	2	3	數量還剩1件	jacky141470	https://shopee.tw/jacky141470	新北市樹林區	品牌自有品牌	自有品牌	昆盈 有線耳機 折疊耳機  外掛式耳機	https://shopee.tw//昆盈-有線耳機-折疊耳機-外掛式耳機-頭戴耳機-i.30235611.974562277
Genius昆盈晶鑽方塊立體聲喇叭-黑 SP-D120 晶鑽方塊(白)	$300				0	數量還剩2件	lolelole	https://shopee.tw/lolelole	新竹市東區	庫存2		"Genius昆盈晶鑽方塊立體聲喇叭-黑 SP-D120 晶鑽方塊(白)
SP-D120 晶?方塊
透過USB供電的精巧喇叭
輸出功率為2瓦(RMS)
音量控制
配備標準3.5mm音訊插孔的任何電腦系統均適合使用本產品。
接線容易：適用於PC、Mac及iPod/MP3播放器"	https://shopee.tw//Genius昆盈晶鑽方塊立體聲喇叭-黑-SP-D120-晶鑽方塊(白)-i.8536642.944221031
