name,price,Original_price,star,reviews,sold,stock,seller,seller_link,seller_from,category,brand,description,URL
Genius KB 110 USB keyboard,₱450,,4.5,4,5,Quantity5 piece available,cccmain,https://ph.xiapibuy.com/cccmain,"Karuhatan, Valenzuela City, Metro Manila, Metro Manila",CategoryShopeeLaptops & ComputersComputer AccessoriesKeyboards,Genius,"Genius KB110 USB Keyboard
OS Support Windows 2000/XP/XP x64/Vista
Interface Support USB
Water Spills Yes",https://ph.xiapibuy.com//Genius-KB-110-USB-keyboard-i.20959443.1942109074
PreferredGenius Mouse PS2 DX-110,₱150,₱170,5.0,7,34,Quantity17 piece available,ph.essentials,https://ph.xiapibuy.com/ph.essentials,"Cambaro, Mandaue City, Visayas, Cebu",CategoryShopeeLaptops & ComputersComputer AccessoriesMouse,Genius,"Buttons Qty 3
Orientation right and left-handed

Connectivity Technology wired
Interface PS/2
Movement Detection Technology optical
Movement Resolution 1000 dpi
Buttons Qty 3
Product Type Mouse

#mouse #home #office #useful #ps2 #genius",https://ph.xiapibuy.com//Genius-Mouse-PS2-DX-110-i.5288978.201473097
Genius DX-125 USB Optical Mouse,₱233,,5.0,1,1,Quantity9 piece available,pccornersmsanlazaro,https://ph.xiapibuy.com/pccornersmsanlazaro,"Barangay 352, Santa Cruz, Metro Manila, Metro Manila",CategoryShopeeLaptops & ComputersComputer AccessoriesMouse,Genius,"Specification
System requirements

Windows 7, 8, 8.1, 10
Mac OS 10.7.4 or later
USB Port
Specifications

Sensor engine	Optical
Cable length	1.5m
Number of buttons	3 (left, right, middle button with scroll)
Colors	Black, White
Weight	85 g
Resolution (DPI)	1000
Dimensions (W x H x D)	105 x 37 x 60 mm
What's included

DX-125",https://ph.xiapibuy.com//Genius-DX-125-USB-Optical-Mouse-i.190204037.7218403785
genius media pointer 100 wireless presenter,"₱1,173",,5.0,1,1,Quantity1 piece available,pccornersmsanlazaro,https://ph.xiapibuy.com/pccornersmsanlazaro,"Barangay 352, Santa Cruz, Metro Manila, Metro Manila",CategoryShopeeLaptops & ComputersComputer AccessoriesMouse,Genius,"Product Overview
2.4GHz wireless technology with 10m range
User friendly 5 button design
Micro USB receiver stores inside presenter
Integral laser pointer
Plug and play USB interface
Supports Win XP/Vista/7
Dimensions (HxWxD): 18x38x105mm
Contents
Presenter, USB receiver, 2x AAA batteries and user guide",https://ph.xiapibuy.com//genius-media-pointer-100-wireless-presenter-i.190204037.6318160534
Genius KM110X PS/2 Combo Keyboard with Mouse,₱530,,5.0,2,6,Quantity32 piece available,cccmain,https://ph.xiapibuy.com/cccmain,"Karuhatan, Valenzuela City, Metro Manila, Metro Manila",CategoryShopeeLaptops & ComputersComputer AccessoriesKeyboards,Genius,"Genius KM110X PS/2 Combo Keyboard with Mouse

Value desktop combo
KM-110X from Genius combines a comfortable keyboard and optical mouse as a value added entry level kit. The black keyboard has 104/105/106 compatible keys enhances your Windows layout. The low-profile keycap structure provides an excellent touch and the water resistant function prevents against accidental drink spillages. The mouse features an 800 dpi optical sensor for great movement without worrying about any dust accumulation.
System Requirements
Windows® 10/8/7/Vista/XP
IBM/Pentium PC compatible or higher
Available PS2 model",https://ph.xiapibuy.com//Genius-KM110X-PS-2-Combo-Keyboard-with-Mouse-i.20959443.1942223472
PreferredGenius NX-7015 Wireless Stylish Mouse - Metallic Chocolate,₱391,₱630,5.0,43,95,Quantity47 piece available,playbookstore,https://ph.xiapibuy.com/playbookstore,"Barangay 157, Pasay City, Metro Manila, Metro Manila",CategoryShopeeLaptops & ComputersComputer AccessoriesMouse,Genius,"ORIGINAL AND BRAND NEW!

SYSTEM REQUIREMENTS
• Windows 7, 8, 8.1, 10
• Mac OS X 10.8 or later
• USB Port

SPECIFICATIONS: 
• RF Frequency: 2.4 GHz
• Number of buttons: 3 (left, right, middle button with scroll)
• Resolution (DPI): 800 / 1200 / 1600
• Sensor engine: BlueEye
• Color: chocolate
• Weight: 57 g (includes receiver)
• Dimensions (W x H x D): 58 x 100 x 38.5 mm (2.28 x 3.94 x 1.52 inches)

PACKAGE CONTENTS
• NX-7015
• USB Pico receiver
• AA alkaline battery
• Multi-language user manual
------------------------------------------------------------------------------------------------------------------------------------------------------------------
WARRANTY: 
• 1 Year Local Supplier Warranty
• All shipping fees shall be shouldered by the buyer. 
• Kindly send us a message on how to claim the warranty.

IMPORTANT:
Please limit your cart to 4 pcs. of Genius NX-7015 Wireless Stylish Mouse per checkout. Do not include any other items from the same seller in the same cart. The courier has a limit on the dimension of the item to support Shopee's Delivery Promo. Any order that exceeds the limit of the courier will be canceled. Shipping Fees may apply for selected locations. Check the Shopee Help section for more info.

#theplaybookstore #playbook #genius #nx7015 #wireless #mouse #original #brandnew #legit #legitseller",https://ph.xiapibuy.com//Genius-NX-7015-Wireless-Stylish-Mouse-Metallic-Chocolate-i.25952313.408378530
PreferredGenius NX-7000 2.4GHz Wireless Mouse,₱318 - ₱451,₱460,4.9,451,941,Quantity136 piece available,playbookstore,https://ph.xiapibuy.com/playbookstore,"Barangay 157, Pasay City, Metro Manila, Metro Manila",CategoryShopeeLaptops & ComputersComputer AccessoriesMouse,Genius,"BRAND NEW AND ORIGINAL!

YSTEM REQUIREMENTS
• Windows 7, 8, 8.1, 10
•  Mac OS X 10.8 or later
• USB Port

SPECIFICATIONS
• RF Frequency: 2.4 GHz
• Number of buttons: 3 (left, right, middle button with scroll)
• Resolution (DPI): 1200
• Sensor engine: BlueEye
• Colors: Calm black, Elegant white, Ocean blue, Passion red, Spring green
• Weight: 79g (includes receiver)
• Dimensions (W x H x D): 58 x 100 x 39 mm (2.28 x 3.94 x 1.54 inches)

PACKAGE CONTENTS
• NX-7000
• USB Pico receiver
•  AA alkaline battery
• Multi-language user manual
• 1 Year Warranty
------------------------------------------------------------------------------------------------------------------------------------------------------------------
WARRANTY: 
• 1 Year Local Supplier Warranty
• All shipping fees shall be shouldered by the buyer. 
• Kindly send us a message on how to claim the warranty.

IMPORTANT:
Please limit your cart to 6 pcs. of Genius NX-7000 2.4GHz Wireless Mouse per checkout. Do not include any other items from the same seller in the same cart. The courier has a limit on the dimension of the item to support Shopee's Delivery Promo. Any order that exceeds the limit of the courier will be canceled. Shipping Fees may apply for selected locations. Check the Shopee Help section for more info.

#theplaybookstore #playbook #genius #NX7000 #wireless #mouse  #brandnew #original #legit #legitseller",https://ph.xiapibuy.com//Genius-NX-7000-2.4GHz-Wireless-Mouse-i.25952313.378957832
Genius SP-U115 USB Powered Speakers ( BLACK ),₱340,,,,1,Quantity14 piece available,startnet_joyo,https://ph.xiapibuy.com/startnet_joyo,"Santo Nino, Paranaque City, Metro Manila, Metro Manila",CategoryShopeeLaptops & ComputersComputer AccessoriesSpeakers,Genius,"SPECIFICATION:
• RMS (Watts): 1
• Driver unit-Satellite: 50 x 50 mm, 8 ohm
• Signal-to-Noise Ratio: 80dB
• Frequency Response: 200 Hz~18K Hz
• Power Source: USB
• Volume Control: YES
• Headphone Jack: YES

WHAT'S INCLUDED:
• Two speakers
• Multi-language user’s manual

#BESTSELLER 
#COD",https://ph.xiapibuy.com//Genius-SP-U115-USB-Powered-Speakers-(-BLACK-)-i.216992178.6915149574
MOUSE GENIUS DX-125 BLACK WIRED USB TYPE,₱180,,,,0,Quantity10 piece available,dongski43,https://ph.xiapibuy.com/dongski43,"Barangay 12 (Pob.), Ormoc City, Visayas, Leyte",CategoryShopeeLaptops & ComputersComputer AccessoriesMouse,Genius,"GENIUS DX-125 BLACK WIRED USB TYPE

                Smooth and comfortable touch feel       Great for either hand              Windows and MacOS compatible

Specifications

Sensor engine	Optical
Cable length	1.5m
Number of buttons	3 (left, right, middle button with scroll)
Colors	Black, White
Weight	85 g
Resolution (DPI)	1000",https://ph.xiapibuy.com//MOUSE-GENIUS-DX-125-BLACK-WIRED-USB-TYPE-i.225424611.6832498272
Genius / A4Tech Keyboard,₱120,,,,0,Quantity3 piece available,gracekristine,https://ph.xiapibuy.com/gracekristine,"Cuta, Batangas City, South Luzon, Batangas",CategoryShopeeLaptops & ComputersComputer AccessoriesKeyboards,Genius,"Used Genius and A4Tech Keyboard
PS/2 port
good working condition
Strictly no return!
Will test before shipping.


",https://ph.xiapibuy.com//Genius-A4Tech-Keyboard-i.45816436.6735357888
Genius Optical USB Mouse (503) CMY,₱110,,,,0,Quantity100 piece available,xplayiloilo,https://ph.xiapibuy.com/xplayiloilo,"Yulo-Arroyo, Iloilo City, Visayas, Iloilo",CategoryShopeeLaptops & ComputersComputer AccessoriesMouse,Genius,"System Requirements:

IBM PC Pentium 233

Compatible or higher

Windows XP/Me/2009/98

USB port

Black",https://ph.xiapibuy.com//Genius-Optical-USB-Mouse-(503)-CMY-i.148802542.6537513029
GENIUS SPEAKER USB SOUNDBAR 100,₱799,,,,0,Quantity5 piece available,kdf14,https://ph.xiapibuy.com/kdf14,"Poblacion Ilawod, Passi City, Visayas, Iloilo",CategoryShopeeLaptops & ComputersComputer AccessoriesSpeakers,Genius,"Specifications

Total output power (W)2 x 3 W (6 W)

Driver unit2″

ConnectionUSB

Sensitivity600mv ± 100mv

Impedance3 Ω

Frequency response110HZ ~ 20KHz

Volume controlYES

Audio input3.5 mm jack

Dimensions (W x H x D)320 x 65 x 70 mm ( 12.60 x 2.56 x 2.76 inches)

Weight476.5 g

Color: Black

Description

Ultra-Compact Design

The slim outlook design makes the speaker more fashionable. The sleek speaker is engineered to save space and enhance your desk setting.

Powerful Sound

Excellent sound quality. It’s distortion-free at maximum volume and loud enough to ﬁll a large rooms

Easy to Use

USB plug and play, no need for batteries or a power cord.
Works with any device that has a standard 3.5mm jack.

Built-in Volume Control

In-line volume control to adjust the volume easily.

",https://ph.xiapibuy.com//GENIUS-SPEAKER-USB-SOUNDBAR-100-i.129140220.6237222974
Free Shipping COD Brandnew Genius SP906BT Portable Bluetooth Speaker Loud and Extra Bass,"₱1,499","₱3,000",,,0,Quantity1 piece available,fashion_eshop.manila,https://ph.xiapibuy.com/fashion_eshop.manila,"Barangay 131, Caloocan City, Metro Manila, Metro Manila",CategoryShopeeLaptops & ComputersComputer AccessoriesSpeakers,Genius,"Genius SP-906BT speaker specs:

Drivers: 40 mm single dynamic (3 watts)
Frequency response: 100 Hz - 20 KHz
Battery: 500 mAh Li-Pol
Connectivity: Bluetooth 4.1, HSP, HFP, A2DP, AVRCP, 3.5 mm
Dimensions: 87.7 x 80 x 45.1 mm
Weight: 144 g

Pros: Solid build and Good Sound
Bottomline: If you need a speaker to fulfill your daily dose of personal music then Genius SP-906BT speaker is sufficient for you. The audio quality is good even at full volume


All items posted are currently available!

HOW TO ORDER? 

1. Add the item to your cart (apply shopee free shipping code, other shopee promo codes or use our very own shop promo codes: 
FASH25 (min spend 750), FASH50 (min spend 1k), FASH75 (min spend 1500), FASH100 (min spend 2k)
2. Proceed to checkout 
3. For cash on delivery option, kindly choose xpost integrated or ninja van integrated
Xpost integrated: 1-2 days delivery for metro manila, 2-3 days for provincial
Ninja van integrated: 1-3 days delivery for metro manila, 3-4 days for provincial
4. Input complete name, cellphone number, and delivery address. (For COD, only door to door delivery is allowed)

We will notify you once order has been verified and update you regarding order/delivery status. 

Once order is completed, kindly click ""order received"" to initiate transfer of payment to us and kindly leave us a rating ⭐️⭐️⭐️⭐️⭐️

Hoping for a smooth and hassle free transaction! 

Feel free to chat me anytime for discounts/offers/further inquiries!

Free Shipping for orders worth 500 and up.
50% off shipping fee for orders worth 250-499.

Cash on delivery nationwide! 

#cod #freeshippingph #freeshippingnationwide #muraph #sulitph #promoph #grocery #groceryph #groceryitemsph #clothesph #gadgetph #cellphoneph #onlineshoppingph #shoes #bags #wallets #sandals #clothes",https://ph.xiapibuy.com//Free-Shipping-COD-Brandnew-Genius-SP906BT-Portable-Bluetooth-Speaker-Loud-and-Extra-Bass-i.6619964.5434320728
GENIUS SPEAKER SP-U115,₱675,,,,0,Quantity20 piece available,kdf14,https://ph.xiapibuy.com/kdf14,"Poblacion Ilawod, Passi City, Visayas, Iloilo",CategoryShopeeLaptops & ComputersComputer AccessoriesSpeakers,Genius,"Specifications

Total output3 W

Driver unit50mm

Power supplyUSB plug to laptop or PC computers

Volume controlYES

Audio input3.5mm

Front panel optionGlossy front, Matte cover

ColorsBlack, Rubby red, Sapphire blue, Grass white

Weight400g

Dimensions (W x H x D)70 x 111 x 70mm (2.76 x 4.37 x 2.76 inches)

",https://ph.xiapibuy.com//GENIUS-SPEAKER-SP-U115-i.129140220.5237203647
KEYBOARD GENIUS KB100 BLACK WIRED USB TYPE,₱310,,,,0,Quantity20 piece available,dongski43,https://ph.xiapibuy.com/dongski43,"Barangay 12 (Pob.), Ormoc City, Visayas, Leyte",CategoryShopeeLaptops & ComputersComputer AccessoriesKeyboards,Genius,"CUSTOMIZE TO YOUR NEEDS,
THE WAY YOU NEED THEM...
UP EFFICIENCIES BY 20~30% OR MORE...
You can customize any of the 12 function keys to launch applications, visit websites, enable multimedia, send emojis, create app internal shortcut. With a touch of a single button command, it can also bring out your often used words or phrases.

Convenience & Efficiency are just one single keystroke away!

Specification:

System requirements

Windows 7, 8, 8.1, 10 or later
Mac OS X 10.8 or later
USB port

Specifications

Keycap type	Concave
Cable length	1.5 M
Genius Key support	YES
Customizable Function Keys	F1~F12
Smart Engine (SmartGenius)	YES
Visual Function Key Bar Virtual	YES
Function Key	YES
App Profile support	YES
SmartGenius support	Yes, SmartGenius App Download at: http://www.geniusnet.com/download
Remark :
* The product hardware and firmware is factory preset. You can adjust the settings to meet your demand.
For a firmware update, you can check our website.
Weight	Approx. 450 g
Dimensions (W x H x D)	440.51 x 139.67 x 20.07 mm (17.34 x 5.50 x 0.79 inches)
Colors	Black
*Product color and images shown on the package are for reference ONLY. For actual items, refer to the physical goods contained herein.",https://ph.xiapibuy.com//KEYBOARD-GENIUS-KB100-BLACK-WIRED-USB-TYPE-i.225424611.4832477848
Genius GX Gaming Mousepad,₱280,,,,0,Quantity1 piece available,saolmatt,https://ph.xiapibuy.com/saolmatt,"San Andres (Pob.), Cainta, South Luzon, Rizal",CategoryShopeeLaptops & ComputersComputer AccessoriesMouse Pads,Genius,"GENIUS GX Gaming  GX-Control 
FPS Soft Gaminy Mouse Pad
Darklight Edition

Size :450x370x3mm

Package contents
GX-control Gaming Mousepad
Binding Strap
Multi - Language User Guide

Features:
Non-slip
Low temperature heat-treated material
Improves performance
Heavily textured sirface
Precision trim overstitch edges
High-grip natural rubber base",https://ph.xiapibuy.com//Genius-GX-Gaming-Mousepad-i.101606686.4732510554
Genius Optical USB Mouse (503) CMY,₱110,,,,0,Quantity100 piece available,tian_ph,https://ph.xiapibuy.com/tian_ph,"Yulo-Arroyo, Iloilo City, Visayas, Iloilo",CategoryShopeeLaptops & ComputersComputer AccessoriesMouse,Genius,"System Requirements:

IBM PC Pentium 233

Compatible or higher

Windows XP/Me/2009/98

Mouse port:USB",https://ph.xiapibuy.com//Genius-Optical-USB-Mouse-(503)-CMY-i.182923610.3737757833
GX Gaming Maurus Black,₱750,,,,0,Quantity2 piece available,saolmatt,https://ph.xiapibuy.com/saolmatt,"San Andres (Pob.), Cainta, South Luzon, Rizal",CategoryShopeeLaptops & ComputersComputer AccessoriesMouse,Genius,"GX Gaming Maurus Black 
FPS/RTS Gaming Mouse

6400 Frame Rate
20G Acceleration
60 IPS Velocity
3500 DPI (450/900/1800/3500)

1.8 meter Braided USB cable wil GOLD PLATED connector

Extra foot pad set

Two instant macro shift buttons

Built-in 20gram metal weight

User defined brightness and pulsation

Frame rate - 6400 fps
Acceleration - 20Gs
Det3ction Level - 1-5mm
Sleep Mode - OFF

PROFESSIONAL GAME GEAR FOR first person shooter games.",https://ph.xiapibuy.com//GX-Gaming-Maurus-Black-i.101606686.3432723643
"Genius EasyPen i405x Graphic Tablet drawing tablet 4""x5.5""","₱1,099",,,,0,Quantity1 piece available,syj28,https://ph.xiapibuy.com/syj28,"Barangay 364, Santa Cruz, Metro Manila, Metro Manila",CategoryShopeeLaptops & ComputersComputer Accessories,Genius,"System requirements:
-windows 10/8/7/vista/xp or mac os x 10.5/10.6/10.7/10.8
-intel/amd processor 1.5ghz or above
-available usb port
-cd/dvd-rom driver for driver installation

Specifications:
-working area of 4""x5.5""
-Pressure level of 1024
-resolution 2560 LPI
-Max report rate pf 125 points /sec
-accuracy of. 25mm
-aaa battery for cordless pen

Package contents:
-easypen i405x tablet
-cordless pen with aaa battery 
-cd installer
-2 extra new pen tips/nibs",https://ph.xiapibuy.com//Genius-EasyPen-i405x-Graphic-Tablet-drawing-tablet-4-x5.5--i.43460885.3150377241
Genius Ergonomic Stylish Wireless Mouse w/ BlueEye Sensor Technology - Ocean Blue,₱475,,,,0,Quantity1 piece available,hunter.a,https://ph.xiapibuy.com/hunter.a,"Barangay 492, Sampaloc, Metro Manila, Metro Manila",CategoryShopeeLaptops & ComputersComputer AccessoriesMouse,Genius,"Genius Wireless Mouse

Warranty Period: 1 year
Purchased Date: 5/11/19

* Ergonomic design that provides maximum comfort all-day for either hand
* BlueEye Sensor Technology - Track on almost any surface with amazing tracking accuracy
* With Pico Receiver Storage in the bottom of the mouse where you can store the receiver
* Pico receiver unifies your Genius mice
* Smart Genius: Create a mouse by adjusting DPI levels and other performance settings with your preference

----------
System Requirements
----------
Windows 7, 8, 8.1, 10
Mac OS X 10.8 or later
USB Port
One AA battery

----------
Specifications
----------
Model		          : NX-7000
RF Frequency	  : 2.4 GHz
Number of buttons: 3 (left, right, middle button with scroll)
Resolution (DPI)     : 1200
Sensor engine	  : BlueEye
Color                        : Ocean Blue

----------
Package Content
----------
NX-7000
USB Pico receiver
AA alkaline battery
Multi-language quick guide

#ergonomic #genius #mouse #comfort #bluetooth #wireless #gaming #game #design ",https://ph.xiapibuy.com//Genius-Ergonomic-Stylish-Wireless-Mouse-w-BlueEye-Sensor-Technology-Ocean-Blue-i.28960708.3114258129
iSHOPiffy EasyPen i405X,"₱1,688",,,,0,Quantity1 piece available,ishopiffy,https://ph.xiapibuy.com/ishopiffy,"Manuyo Dos, Las Pinas City, Metro Manila, Metro Manila",CategoryShopeeLaptops & ComputersComputer Accessories,Genius,"Description:
EasyPen i405X: 4” x 5.5” working area for drawing and handwriting. 1024-level pressure sensitivity for all shapes and thickness control. Make handwriting notes/drawings efficiently in email, MSN, documents, or any application program. Pen clip design for easy storage
Features:
   🖊Digital Pen-Accuracy  :  ±0.25 mm
   🖊Report Rates (RPS)  :  100
   🖊Resolution(LPI)  : 2560 LPI
   🖊Wide/4:3 Screen  :  4:03
   🖊Active area  : 4” x 5.5”
   🖊Interface  :  USB

System Requirements:
   📌IBM PC/ Pentium 233 compatible or higher
  📌Windows 7 / XP / Vista
  📌Macintosh with OS X 10.3.5 or later
  📌Available USB port
 📌CD/DVD-ROM drive for software installation

 Package Content:
   ☀️EasyPen i405X tablet
   ☀️Cordless pen
    ☀️Software 
    * Paint Net/Pen ToolBar
    * Driver for Windows & Mac
    * Electronic users’ manual
    * Two Pen tips
* AAA battery for cordless pen
* Multi-language quick guide

*Used Once.
",https://ph.xiapibuy.com//iSHOPiffy-EasyPen-i405X-i.31089441.2675419813
Genius SP-906BT Outdoor Portable Bluetooth Speaker (Blue),"₱1,850",,,,0,Quantity7 piece available,unicomdc,https://ph.xiapibuy.com/unicomdc,"Bayanan, Bacoor, South Luzon, Cavite",CategoryShopeeLaptops & ComputersComputer AccessoriesSpeakers,Genius,"Genius SP-906BT Outdoor Portable Bluetooth Speaker
1 Year Warranty!

Bluetooth 4.1 Wireless Ready
5 hour play time, built in battery
Great Sound Quality and Deep Bass Performance
Compact Size
Convenient hands free calls

#genius #speaker 
",https://ph.xiapibuy.com//Genius-SP-906BT-Outdoor-Portable-Bluetooth-Speaker-(Blue)-i.151592928.2292611001
Genius SP-U115 Black,₱400,,,,0,Quantity20 piece available,dnjsupplies,https://ph.xiapibuy.com/dnjsupplies,"Barangay 291, Binondo, Metro Manila, Metro Manila",CategoryShopeeLaptops & ComputersComputer AccessoriesSpeakers,Genius,"Specifications

Total output	3 W
Driver unit	50mm
Power supply	USB plug to laptop or PC computers
Volume control	YES
Audio input	3.5mm
Front panel option	Glossy front, Matte cover
Colors	Black, Rubby red, Sapphire blue, Grass white
Weight	400g
Dimensions (W x H x D)	70 x 111 x 70mm (2.76 x 4.37 x 2.76 inches)",https://ph.xiapibuy.com//Genius-SP-U115-Black-i.47862040.2272425293
Genius DX-110 Wired Mouse,₱150,,,,0,Quantity100 piece available,bizmatech,https://ph.xiapibuy.com/bizmatech,"Ibabao-Estancia, Mandaue City, Visayas, Cebu",CategoryShopeeLaptops & ComputersComputer AccessoriesMouse,Genius,"Sensor engine	Optical
Cable length	1.5m
Number of buttons	3 (left, right, middle button with scroll)
Colors	Calm black, Elegant white, Ocean blue, Passion red, Spring green
Weight	85 g
Dimensions (W x H x D)	60 x 105 x 37 mm (2.36 x 4.13 x 1.46 inches)
Resolution (DPI)	1000",https://ph.xiapibuy.com//Genius-DX-110-Wired-Mouse-i.23145560.2082213446
Genius i608x for Creative Painting w/ Cordless Mouse,"₱2,490",,,,0,Quantity1 piece available,newera.ph,https://ph.xiapibuy.com/newera.ph,"Valencia, Quezon City, Metro Manila, Metro Manila",CategoryShopeeLaptops & ComputersComputer Accessories,Genius,"Interface Support: USB
Supports: Windows 7/Vista/XP & MAC OS 10.4>
Active area: 150x200 mm, 6x8”
Resolution: 2540 LPI
Report rate: 100 RPS
Pen Pressure: 1024 levels
Cordless three button mouse with scrolling wheel
29 programmable keys
The 6x8” (150x200 mm) working area with the cordless pen and mouse is great for Windows and MAC users to write, draw, sketch or sign emails.
Just click the pen on any of the 29 programmable shortcut keys for instant access to Office and Internet functions.
This pen features two buttons and 1024 level pressure sensitivity for thickness during drawing or writing.
You can store the pen in the clip on the top and this makes it easy to take along with you.

FEATURES
• 150x200mm (6x8”) working area for drawing and handwriting
• 1024-level pressure sensitivity for all shapes and thickness control
• handwriting notes/drawings in email, MSN, documents ...
• wireless three- button wheel mouse
• pen clip design for pen easy storage

SYSTEM REQUIREMENTS
• PC, Pentium 233 compatible or higher
• Windows 7/Vista/XP or MAC OS X 10.4>
• available USB port
• CD/DVD-ROM drive for software installation

SOFTWARE
• Paint Net / Pen Toolbar

SPECIFICATIONS
• Interface Support: USB
• Supports: Windows 7/Vista/XP & MAC OS 10.4>
• Active area: 150x200 mm, 6x8”
• Resolution: 2540 LPI
• Report rate: 100 RPS
• Pen Pressure: 1024 levels
• cordless three button mouse with scrolling wheel
• 29 programmable keys
• Dimension: 264x300x25 mm
• Gift box size: 349x308x63 mm
• Weight: 630gm",https://ph.xiapibuy.com//Genius-i608x-for-Creative-Painting-w-Cordless-Mouse-i.28528173.2078209094
Genius SP-U115 USB Powered Stereo Speakers (Black),₱360,,,,0,Quantity1 piece available,cwe54,https://ph.xiapibuy.com/cwe54,"Magugpo West, Tagum City, Mindanao, Davao Del Norte",CategoryShopeeLaptops & ComputersComputer AccessoriesSpeakers,Genius,"RMS Power: 1.5 Watts RMS
Total Peak Power: 3 Watts
S/N Ratio: 80dB
Speaker Drivers: 50x50 mm, 8 Ohm
Frequency Response: 150Hz~20kHz
Dimension: 69 x 111 x 70 mm
Glossy front panel
Power supplied by USB port from desktop/notebook
Volume control
Works great with any computer system using a standard 3.5mm audio plug",https://ph.xiapibuy.com//Genius-SP-U115-USB-Powered-Stereo-Speakers-(Black)-i.108091192.1856035518
Genius keyboard,"₱1,200",,,,0,Quantity1 piece available,sannixyt,https://ph.xiapibuy.com/sannixyt,"Pasong Tamo, Quezon City, Metro Manila, Metro Manila",CategoryShopeeLaptops & ComputersComputer AccessoriesKeyboards,Genius,Its great for gaming and writing,https://ph.xiapibuy.com//Genius-keyboard-i.120091388.1832776604
Genius Mouse DX-110 PS2,,,,,0,Quantity0 piece available,lovemeohh,https://ph.xiapibuy.com/lovemeohh,"Cubacub, Mandaue City, Visayas, Cebu",CategoryShopeeLaptops & ComputersComputer AccessoriesMouse,Genius,"(1)Please kindly leave us a positive feedback (5 stars). We are doing our very best to pack and ship your order on time. 
(2)Please contact us before leaving any negative feedback or open a dispute on Shopee.
(3)Please give us the opportunity to resolve any problem.


#genius #mouse #ps2 #office",https://ph.xiapibuy.com//Genius-Mouse-DX-110-PS2-i.86865676.1826212197
Genius wireless mouse,₱150,,,,0,Quantity1 piece available,thund3rvolt,https://ph.xiapibuy.com/thund3rvolt,"Bugayong, Binalonan, North Luzon, Pangasinan",CategoryShopeeLaptops & ComputersComputer AccessoriesMouse,Genius,Secondhand but still in 100% working condition,https://ph.xiapibuy.com//Genius-wireless-mouse-i.67336013.1607343147
Graphics Tablet,"₱2,500",,,,0,Quantity1 piece available,mgyuenyen,https://ph.xiapibuy.com/mgyuenyen,"Caloocan, Koronadal City, Mindanao, South Cotabato",CategoryShopeeLaptops & ComputersComputer Accessories,Genius,"EasyPen i405x
4”x5.5” Graphic Tablet for Drawing",https://ph.xiapibuy.com//Graphics-Tablet-i.12130553.1113771101
Mouse Genius DX-125,₱300,,,,0,Quantity20 piece available,rocach14,https://ph.xiapibuy.com/rocach14,"Ampayon, Butuan City, Mindanao, Agusan Del Norte",CategoryShopeeLaptops & ComputersComputer AccessoriesMouse,Genius,"Windows 10/8.1/8/7 compatible, Mac OS X  10.7.4, Available USB Port",https://ph.xiapibuy.com//Mouse-Genius-DX-125-i.60014378.972731313
Genius Ultra Thin Mini Keyboard LuxePad i9010 for iPad Mini,"₱1,699",,,,0,Quantity3 piece available,quadcube,https://ph.xiapibuy.com/quadcube,"Barangay 46, Tacloban City, Visayas, Leyte",CategoryShopeeLaptops & ComputersComputer AccessoriesKeyboards,Genius,"Genius Ultra Thin Bluetooth Mini Keyboard LuxePad i9010 for iPad Mini

Keyboard/Keypad:	Keyboard
Interface:	Bluetooth, RF, USB, USB-C	
Type:	Slim
Model:	i9010	
MPN:	i9010
Features:	Enhanced Function Keys, Programmable Keypad	
Brand:	Genius
Color:	Black	
Connectivity:	Wireless

Features
Bluetooth 3.0 keyboard 
Custom made for iPad mini size 
Versatile stand 
Clip-and-go design; auto wake and sleep by opening/closing cover 
Built-in 310mA Lithium battery; up to 180 working hours

Specifications
Brand: Genius
Model: LuxePad i9010
Design Style: Mini
Keyboard Color: Black
Type: Bluetooth Wireless
Operating System Supported: iOS4.0+
System Requirement
Bluetooth 3.0

Package Contents
Bluetooth 3.0 keyboard
Micro USB charging cable
Multi-language user manual


#genius #ipadminikeyboard #luxepadi9010 #bluetoothminikeyboard",https://ph.xiapibuy.com//Genius-Ultra-Thin-Mini-Keyboard-LuxePad-i9010-for-iPad-Mini-i.21604021.589172526
Wireless mouse,₱380,,,,0,Quantity20 piece available,tam4ever,https://ph.xiapibuy.com/tam4ever,"San Jose, Quezon City, Metro Manila, Metro Manila",CategoryShopeeLaptops & ComputersComputer AccessoriesMouse,Genius,"#FreeShippingShopee 
Minimum order of Php500.00
       
             System requirements:
*Windows 7, 8, 8.1, 10
*Mac OS X 10.8 or later
*USB Port

              Specifications
*RF Frequency:	2.4 GHz
*Number of buttons:	3 (left, right, middle button with scroll)
*Resolution (DPI):	1200
*Sensor engine:	BlueEye
*Colors:	Calm black
*Weight:	79g (includes receiver)
*Dimensions (W x H x D):	58 x 100 x 39 mm (2.28 x 3.94 x 1.54 inches)

        What's included
NX-7000
USB Pico receiver
AA alkaline battery
Multi-language user manual
Warranty
One year limited hardware warranty*
* Warranty void if unauthorized opening or repair.

*************************************************************************************
Our items are its either pre-order basis or on-hand
* We guarantee all items are brand new and tested good.
* With warranty (depend on kinds of item, stated per item)
* Kindly ask first if the prospect item is/are available due to in demands. You can chat me here on shopee or yon can call/send message on my mobile number; FB Messenger; Viber if the stock code of your prospect item/s.
* Place an order on or before Friday before 3p.m. Saturday order will process by other day which is Monday
* We only accept CASH only upon DELIVERY (COD)

*********************************************************************************
For Inquiries and Order:
Mobile Number:
0925223245 (sun / viber)
09051168913 (™)

Messenger:
FB: Marites Boquiron
Skype: Marites Boquiron


HAPPY SHOPPING!!!",https://ph.xiapibuy.com//Wireless-mouse-i.27207335.512362343
ME Genius DX-110 Wired Mouse (Black),₱115,₱299,4.7,314,959,Quantity354 piece available,skyali,https://ph.xiapibuy.com/skyali,"Isla, Valenzuela City, Metro Manila, Metro Manila",CategoryShopeeLaptops & ComputersComputer AccessoriesMouse,No Brand,"Design for either hand
    Plug n Play
    Compatible with Window 10 and Mac
    Brand : Genius
    Item model num : DX-110Black
    MPN(PartNumber) : DX-110Black
    EAN : 0091163251477
    Product Dimensions(LxWxH) : 9x4x14cm ; 9 g

✔EARN LOTS OF SHOPEE COINS
✅CASH ON DELIVERY
✅ONHAND AND READY TO SHIP
✅PAY TODAY SHIP TOMORROW


✔NOTE: WRONG PLACEMENT OF SHIPPING FEE WILL NOT BE PROCESS

✔DELIVERY PERIOD:
🚚✔ 4-10 Days
✔PLEASE READ CAREFULLY BEFORE PLACING AN ORDER/S ⬇️
 
✔ALL ITEMS ARE AVAILABLE UNLESS MARKED AS ""SOLD OUT""
✔CHOOSE THE CORRECT VARATION IF THE ITEMS HAS DIFFERENT COLORS/PRINTS SO WE CAN AVOID MISTAKES
✔WE ACCEPT RETURNS IF THE ITEM IS NOT YET WORN OR USED. BUYER WILL SHOULDER THE RETURN SHIPPING COST

✔LIKE & FOLLOW US FOR UPDATES! 👍🏻
✔HAPPY SHOPEE-ING! 💟

✔1.Service
(❤)All of our items are as stated in their descriptions.
(❤)the items are 100% new,we offer the best product at the best price.
(❤)If the item you received is defective, please contact us immediately. 

✔Allows use of Shopee promo codes for your security & more savings!

✔Feedback:
(❤)Please kindly leave us a positive feedback (5 stars) , if you are satisfied with our items.
And you could share with your friends on  Facebook,instagram, Twitter..Thankyou.
(❤)Please contact us before leaving any negative feedback or open a dispute on Shopee.
(❤)Please give us the opportunity to resolve any problem.
✔️We support the retail and whosale.
✔️We insist on selling the cheapest item with same quality and fast Delivery.
✔️Thank you for your support.

#mouse #computer #laptop #office #school #internetcafe #ME #COD",https://ph.xiapibuy.com//ME-Genius-DX-110-Wired-Mouse-(Black)-i.59709146.1261065990
Evil Geniuses Extended Gaming Mousepad,₱126,₱129,4.9,147,296,Quantity2 piece available,gigaware,https://ph.xiapibuy.com/gigaware,"Barangay 148, Tondo I / Ii, Metro Manila, Metro Manila",CategoryShopeeLaptops & ComputersComputer AccessoriesMouse Pads,Gigaware,"GAMING Mousepad，rubber BASA
Speed surface for faster mouse movements
Help your mouse KEYBOARD get an accurate tracking and click
Unique Textured design process",https://ph.xiapibuy.com//Evil-Geniuses-Extended-Gaming-Mousepad-i.64730879.1168373100
ME genius netscroll eye high-procision optical wheel mouse,₱99,₱399,4.7,121,363,Quantity224 piece available,skyali,https://ph.xiapibuy.com/skyali,"Isla, Valenzuela City, Metro Manila, Metro Manila",CategoryShopeeLaptops & ComputersComputer AccessoriesMouse,No Brand,"Product details
*enhanced precision with optical engine.
eliminates moving parts and dust accumulation
*comfortable fit for either hand and for long term use
supports windows XP/ME/2000/98

SYSTEM REQUIREMENTS
IBM PC pentium 233
compatible or higher
windows XP/ME/2000/98
available PS/2 port

*scroll,click,and zoom
(u.s patent No.5,530,455)
the magic-roller button can be
used for fast browsing up/down,left,right ducuments as well as zooming in microsoft office and internet explorer.

?EARN LOTS OF SHOPEE COINS
?CASH ON DELIVERY
?ONHAND AND READY TO SHIP
?PAY TODAY SHIP TOMORROW


?NOTE: WRONG PLACEMENT OF SHIPPING FEE WILL NOT BE PROCESS

?DELIVERY PERIOD:
??? 4-10 Days
?PLEASE READ CAREFULLY BEFORE PLACING AN ORDER/S ??
 
?ALL ITEMS ARE AVAILABLE UNLESS MARKED AS ""SOLD OUT""
?CHOOSE THE CORRECT VARATION IF THE ITEMS HAS DIFFERENT COLORS/PRINTS SO WE CAN AVOID MISTAKES
?WE ACCEPT RETURNS IF THE ITEM IS NOT YET WORN OR USED. BUYER WILL SHOULDER THE RETURN SHIPPING COST

?LIKE & FOLLOW US FOR UPDATES! ????
?HAPPY SHOPEE-ING! ??

?1.Service
(?)All of our items are as stated in their descriptions.
(?)the items are 100% new,we offer the best product at the best price.
(?)If the item you received is defective, please contact us immediately. 

?Allows use of Shopee promo codes for your security & more savings!

?Feedback:
(?)Please kindly leave us a positive feedback (5 stars) , if you are satisfied with our items.
And you could share with your friends on  Facebook,instagram, Twitter..Thankyou.
(?)Please contact us before leaving any negative feedback or open a dispute on Shopee.
(?)Please give us the opportunity to resolve any problem.
??We support the retail and whosale.
??We insist on selling the cheapest item with same quality and fast Delivery.
??Thank you for your support.

#mouse #office #school #gaming #easytouse #COD #ME",https://ph.xiapibuy.com//ME-genius-netscroll-eye-high-procision-optical-wheel-mouse-i.59709146.1381026812
HP Genius Gaming Mouse M280 6400 dpi Adjustable Wired RGB Led Mice,₱377,₱754,5.0,12,17,Quantity9970 piece available,3cworld.ph,https://ph.xiapibuy.com/3cworld.ph,9970,CategoryShopeeLaptops & ComputersComputer AccessoriesMouse,Hp,"Note: Please read these carefully before you buy it, if you mind it, please don't place your orders.Thank you!

It is OEM, not Original genuine! OEM version is the so-called modified version, upgraded version! 70% of our parts from genuine Razer components, a small part of the production through the independent, so the appearance and feel and no difference between genuine, high similarity! To meet your mouse this section of the requirements!”



1. Professional esport gaming mouse: equipped with game-specific sensors and upgraded esports chips, 6400DPI ultra-high precision (6 gears can be freely adjusted: 800/1600/2400/3200/4800/6400), 32 inches / Sec tracking speed, let you experience the game better
2, RGB lighting system: close to 16.8 million kinds of lighting colors can be set, you can choose the color of your favorite lighting and change effects.
3, macro custom programming settings: free to match the button effect, easy to win the game (please contact us to get the macro custom tool)
4, ergonomic design: the mouse's overall streamlined texture design, the side of the ""fir"" design ideas, so that players in the long game, you can reduce the feeling of tired hands.
5, multi-button design: This mouse has a total of 6 buttons to meet the needs of the game",https://ph.xiapibuy.com//HP-Genius-Gaming-Mouse-M280-6400-dpi-Adjustable-Wired-RGB-Led-Mice-i.51938001.4613990432
EG Evil Geniuses Dota 2 L11 Gaming Mouse Pad,₱35,₱100,4.9,56,160,Quantity9970 piece available,ccl.ph,https://ph.xiapibuy.com/ccl.ph,"Barangay 306, Quiapo, Metro Manila, Metro Manila",CategoryShopeeLaptops & ComputersComputer AccessoriesMouse Pads,No Brand,"Come on and support the TI5 champion, Evil Geniuses!
Evil Geniuses, The International 5 (TI5) champion!

Size: 25cm x 21cm

💯 High Quality
💯 Brand New
Speed surface for faster mouse movements
Soft, Comfortable, Non-slip rubber base
Slick, taut weave for speedy mouse movements
Pixel-precise targeting and tracking
Optimized for all mouse sensitivities and sensors
Highly portable cloth-based design
Anti-fraying stitched frame
Anti-slip rubber base

🖌 FREE shipping fee with minimum order of P199
🖌 Cash on Delivery (COD) is available       
🖌 Order Today Ship ASAP    

DELIVERY PERIOD:  
🚚 2-4 days Metro Manila
🚚 3-7 days Provincial
  
⚠️ Please CHOOSE THE CORRECT variation so we can avoid mistakes.
⚠️ If the item you received is defective, please contact us immediately. 

💡 Please leave us a positive feedback with 5 STARS ⭐️ ⭐️ ⭐️ ⭐️ ⭐️ if you are satisfied with our product and service. Your feedback will be much appreciated.
💡 Please contact us immediately before leaving any negative feedbacks or open a dispute on Shopee.

NOTE: 
📍For wholesalers, please select Ninja Van (Own Packaging) for unlimited volume of orders.


#EG #EvilGeniuses #Dota2 #Dota #SteelSeries #Gaming #Mousepad #GamingMousepad #PC",https://ph.xiapibuy.com//EG-Evil-Geniuses-Dota-2-L11-Gaming-Mouse-Pad-i.88458867.1539252194
8x10 L11 evil geniuses Gaming mousepads washable,,,5.0,9,24,Quantity0 piece available,victoriouspc2,https://ph.xiapibuy.com/victoriouspc2,"Pinagbuhatan, Pasig City, Metro Manila, Metro Manila",CategoryShopeeLaptops & ComputersComputer AccessoriesMouse Pads,No Brand,"8x10 L11 Gaming mousepads washable

washable, cloth on top, rubber at the bottom
PLS. READ FIRST TO AVOID UNNECESSARY QUESTIONS

USE NINJAVAN INTEGRATED FOR SINGLE ITEM

IF YOU PLAN TO INCLUDE OTHER ITEMS SPECIALLY IF LARGE OR BULKY, YOU MAY USE NINJAVAN

OWN PACKAGING COURIER OR YOU MAY CHAT US FOR QUESTIONS

REMINDER, PLs HAVE YOUR ADDRESS COMPLETE, HOUSE/BLDNG NO, ST. NAME, BRGY, LANDMARK ETC.

PLS. FOLLOW OUR OTHER SHOPEE ACCOUNT: https://shopee.ph/victoriousph
                                       https://shopee.ph/victoriouspc2

#COD available via Integrated Shipping
all stocks on hand, we ship out daily. next day pickup. 8:00 pm cut off for next day shipout EXCEPT
SAT. Orders Made on A saturday will be shipped out on MONDAY.
Delivery Estimate excluding Sundays & Holidays:
1 to 2 days preparation before arranging pick-up, please be patient. 

Integrated shipping 4-10 days depending on location. 

Reminder: COD buyers, please be available to receive the package at the address
 provided and have cash ready. Please be considerate and be sure of your orders, kindly accept
 what you have ordered since we did our effort to pack and ship your items. Remember that COD 
mode of payment is a priveledge, please be serious, cause we take our business and customers
seriously.

*DELIVERY PERIOD:
 4-10 Days
PLS READ CAREFULLY BEFORE PLACING ORDER/S
 
*ALL ITEMS ARE AVAILABLE UNLESS MARKED AS ""SOLD OUT""
*CHOOSE THE CORRECT VARATION IF THE ITEMS HAS DIFFERENT COLORS/DESIGNS SO WE CAN AVOID MISTAKES
*WE ACCEPT RETURNS IF THE ITEM IS NOT YET USED (For Brand New). BUYER WILL SHOULDER THE RETURN SHIPPING COST
*COMPATIBILITY IS BUYER'S RESPONSIBILITY, NO REFUND FOR COMPATIBILITY ISSUES
*IF YOU NEED TO CANCEL YOUR ORDER, YOU MAY DO SO UNTIL 8PM, WE NO LONGER ACCEPT CANCELLATION ON PICK-UP DAY

We offer the best product at the best price.
If the item you received is defective, please contact us immediately with video as proof


Feedback:
*kindly leave us a positive feedback (5 stars) & we will do the same.
kindly share with your friends on  Facebook,instagram, Twitter..
*Pls contact us before leaving any negative feedback or open a dispute on Shopee.
*Pls give us the opportunity to resolve any problem.
*We insist on selling the cheapest item with same quality and fast Delivery.
*Thank you for your support.

#victoriouspc #victorioustech #lowprice #resellerprice #buymenowph #victoriousph

#evilgeniuses
#mousepad #gamingmousepad #pad #csgo",https://ph.xiapibuy.com//8x10-L11-evil-geniuses-Gaming-mousepads-washable-i.39261070.1661278498
HP Genius Gaming Mouse M280 6400 dpi Mouse Led Wired Colorful Mice Ergonomic Gamer Mouse,₱400,₱800,5.0,2,3,Quantity9982 piece available,pendrive.ph,https://ph.xiapibuy.com/pendrive.ph,9982,CategoryShopeeLaptops & ComputersComputer AccessoriesMouse,No Brand,"HP M280 Optical Gaming Mouse 

Precise Tracking
High-end optical sensor with precise tracking, adjustable with 4 DPI settings.

Ergonomic Design
Ergonomic design for long lasting comfort.

6 Buttons
Change your DPI with dedicated button. Go back and forward with the convenient buttons design. Small buttons to avoid accidental pressed.

4 Color LED
Cool and elegant 4 color rotating lights add life to your desktop. Corresponding gear color flashes when DPI is adjusted.

Durable Material
Matte surface attracts no finger prints. scratch resistant and reduce scratches.

SPECIFICATIONS  : M280
- Connection Type : USB Wired
- DPI: 800, 1200, 1600, 2400
- Number of Buttons: 6
- Rated Voltage/Current: DC5V/<100mA
- Supported OS: Win 2000,XP,Vista,7,8,10/MAC OS
- Cable Length: 1.5M (PVC Cable)
- Dimension: 123mm x 33mm x 65.6mm

What's in the box
1x HP M280 Gaming Mouse
1x User Manual",https://ph.xiapibuy.com//HP-Genius-Gaming-Mouse-M280-6400-dpi-Mouse-Led-Wired-Colorful-Mice-Ergonomic-Gamer-Mouse-i.73078918.4013800415
Generic Evil Genius Gaming Mousepad Generic,₱40,₱160,5.0,8,40,Quantity1 piece available,mee.ph,https://ph.xiapibuy.com/mee.ph,"Barangay 306, Quiapo, Metro Manila, Metro Manila",CategoryShopeeLaptops & ComputersComputer AccessoriesMouse Pads,LC,"Dimension: 25cm x 21cm x .4cm
Braided Edges
Heavy Duty
Anti Skid Rubber Back
Cool Stylish Design

shipping via JRS EXPRRSS",https://ph.xiapibuy.com//Generic-Evil-Genius-Gaming-Mousepad-Generic-i.24086792.408156961
ME Genius DX-110 Wired Mouse( Black),₱100,,5.0,1,3,Quantity132 piece available,tian_ph,https://ph.xiapibuy.com/tian_ph,"Yulo-Arroyo, Iloilo City, Visayas, Iloilo",CategoryShopeeLaptops & ComputersComputer AccessoriesMouse,No Brand,"Plug & Play USB optical mouse
1200 dpi optical engine
Comfortably designed for either hand
Plug & Play USB optical mouse
1200 dpi optical engine
Comfortably designed for either hand
Plug & Play USB optical mouse
1200 dpi optical engine
Comfortably designed for either hand
Plug & Play USB optical mouse
1200 dpi optical engine
Comfortably designed for either hand
",https://ph.xiapibuy.com//ME-Genius-DX-110-Wired-Mouse(-Black)-i.182923610.7834998338
Genius NX-7015 Wireless Mouse,₱399,,,,0,Quantity30 piece available,ohbk.ph,https://ph.xiapibuy.com/ohbk.ph,"Barangay 27-C (Pob.), Davao City, Mindanao, Davao Del Sur",CategoryShopeeLaptops & ComputersComputer AccessoriesMouse,No Brand,"• RF Frequency: 2.4 GHz
• Number of buttons: 3 (left, right, middle button with scroll)
• Resolution (DPI): 800 / 1200 / 1600
• Sensor engine: BlueEye
• Color: chocolate
• Weight: 57 g (includes receiver)
• Dimensions (W x H x D): 58 x 100 x 38.5 mm (2.28 x 3.94 x 1.52 inches)
• Single Pico Receiver to unify multiple Genius devices support which start with NX-7000 series",https://ph.xiapibuy.com//Genius-NX-7015-Wireless-Mouse-i.50108282.6619510152
Genius DX-125 Wired Mouse,₱260,,,,0,Quantity30 piece available,ohbk.ph,https://ph.xiapibuy.com/ohbk.ph,"Barangay 27-C (Pob.), Davao City, Mindanao, Davao Del Sur",CategoryShopeeLaptops & ComputersComputer AccessoriesMouse,No Brand,"• Sensor Engine: Optical
• Ambidextrous Design
• Number of Buttons:3 (left, right, middle button with scroll)
• Full-size comfort
• Buttons: 3
• Plug and Play USB optical mouse
• 1200 dpi optical engine
• Comfortably designed for either hand
• System Requirements: Windows Vista/XP/2000 Macintosh with OS X10.2.8 or later",https://ph.xiapibuy.com//Genius-DX-125-Wired-Mouse-i.50108282.6619509670
GENIUS DX-110 COMPUTER MOUSE,₱100,,,,0,Quantity100 piece available,xplayiloilo,https://ph.xiapibuy.com/xplayiloilo,"Yulo-Arroyo, Iloilo City, Visayas, Iloilo",CategoryShopeeLaptops & ComputersComputer AccessoriesKeyboards,No Brand,"GENIUS DX-110 COMPUTER MOUSE is simple to set up and use
Set up is fast and easy
There's no software to install
Full-size comfort,ambidextrous design
Design to keep either hand.You'll feel c omfortable,even after hours use.
",https://ph.xiapibuy.com//GENIUS-DX-110-COMPUTER-MOUSE-i.148802542.5035943530
Genius Learning Machine Student Tablet Computer Bag T 101 Cover T,₱482,,,,0,Quantity24 piece available,qz9x.sip.ph,https://ph.xiapibuy.com/qz9x.sip.ph,24,"CategoryShopeeLaptops & ComputersComputer AccessoriesLaptop Bags, Cases and Skins",No Brand,"Time bound activities:


【Please read before purchasing】



(2) There is a restriction on the mishap of shrimp, so it's not possible to put all the styles on display, if you want to buy, please chat first about your customer service, customer clothes can help you check out the bullshit Please refer to the plane table.

(3) How to Remember: At the time of order settlement, you can write the madness or the order in the mail, talk directly to the customer service and leave a message, tell customers what to do with their clothes



(5) Please contact us for 24 hours after receipt of the goods. The information will be handled for you at the first time, consumer Unsealed Photo Commodities、 removed personal hygiene、 customized commodities、 newspapers、 non refundable periodicals or magazines, please note before purchasing, thank you Please understand Playing the mercy、 customized commodities、 have the grease sex, no refunds, please note before purchasing, thank you

(6) About the color difference: All goods due to light、 monitors、 causes such as waiting for a berry, there are some nuances in the difference between the merry and the male, please take it as perfectionist. Please turn left

(7) After receipt: First check for breakage in the overpack, then, when the courier is removed, control the shrimp skins and the products arrive in the full quantity of the products., please apply for a refund in time if you find any shortage, because after withdrawing goods after the system will automatically complete the cargo not refundable Receiving the goods, please praise the starry star of 1~2~3

(8) Our Difficulties: Urgent, to go abroad, time Careful Tap Please make sure you get your pieces in time, once the parcel is mailed, it will not return, if we don't want to do it or cancel it, then we ""ll lose it, we have the right to have legal responsibility when necessary.

Last but not least, i wish you a pleasant life, buy the most affordable goods at the most expensive price, any questions can be chatted and consulted.

Thank you for the patience, order above agreed

Five stars to praise the interdiction map back to, there'll be a stick next time (Please serve with the guest and merchant.)

Have a good time",https://ph.xiapibuy.com//Genius-Learning-Machine-Student-Tablet-Computer-Bag-T-101-Cover-T-i.159529004.3234804484
Original DELL WM118 Wireless Mouse games Office Optical Mouse Dell USB Black Genius,"₱848 - ₱1,875",,,,0,Quantity1102 piece available,zhenggijaho.ph,https://ph.xiapibuy.com/zhenggijaho.ph,1102,CategoryShopeeLaptops & ComputersComputer AccessoriesMouse,No Brand," 
 brand Dell / Dell; DELL wireless models WM118; fineness new; Genius service; Interface Type USB; Number of keys 3; an optical resolution of 1000dpi; photoelectric work; Wheel number 1; a battery type AA batteries;color Category black + mouse pad black; wireless technology 2.4GHz; wireless distance 2m; gross weight of 0.3kg; Package type official standard; manufacturer DELL China) Co., Ltd; whether boxed genuine is; the warranty period of 12 months 

#original 	_color Category black + mouse pad black; wireless technology 2.4GHz; wireless distance 2m; gross weight of 0.3kg; Package type official standard; manufacturer DELL China) Co., Ltd; whether boxed genuine is; the warranty period of 12 months 

#original 	_	#mouse game 	#photoelectric 	#Dell 	#mouse 	#National 	#black 		#mouse game 	#photoelectric 	#Dell 	#mouse 	#National 	#black 	",https://ph.xiapibuy.com//Original-DELL-WM118-Wireless-Mouse-games-Office-Optical-Mouse-Dell-USB-Black-Genius-i.112833568.2604885108
Original Dell wm126 office wireless mouse USB mini-receiver DELL Genius mouse game,"₱1,145 - ₱1,235",,,,0,Quantity86 piece available,zhenggijaho.ph,https://ph.xiapibuy.com/zhenggijaho.ph,86,CategoryShopeeLaptops & ComputersComputer AccessoriesMouse,No Brand," 
 brand Dell / Dell; the DELL wireless models wm126; new coupler; Genius service; the USB interface type; number of buttons 3; optical resolution 1000dpi; photoelectric work; a number of rollers; Battery Type 5 batteries; Colorblack white blue red classification; wireless technology 2.4GHz; wireless from 3M; gross weight of 0.5kg; Package type official standard; manufacturer DELL (China) Co., Ltd; supports ergonomic support; whether boxed genuine is; the warranty periodblack white blue red classification; wireless technology 2.4GHz; wireless from 3M; gross weight of 0.5kg; Package type official standard; manufacturer DELL (China) Co., Ltd; supports ergonomic support; whether boxed genuine is; the warranty period12 months 

#original 	#Dell 	#	#wireless mouse 	#receivers 	#game 	#country 	12 months 

#original 	#Dell 	#	#wireless mouse 	#receivers 	#game 	#country 	",https://ph.xiapibuy.com//Original-Dell-wm126-office-wireless-mouse-USB-mini-receiver-DELL-Genius-mouse-game-i.112833568.2603352923
10PCS Steelseries Evil Geniuses EG DOTA 2 L11 Gaming Mouse Pad,₱230,₱599,5.0,9,19,Quantity279 piece available,ccl.ph,https://ph.xiapibuy.com/ccl.ph,"Barangay 306, Quiapo, Metro Manila, Metro Manila",CategoryShopeeLaptops & ComputersComputer AccessoriesMouse Pads,Steelseries,"SET OF 10PCS
Come on and support the TI5 champion, Evil Geniuses!
Evil Geniuses, The International 5 (TI5) champion!

Size: 25cm x 21cm

💯 High Quality
💯 Brand New
Speed surface for faster mouse movements
Soft, Comfortable, Non-slip rubber base
Slick, taut weave for speedy mouse movements
Pixel-precise targeting and tracking
Optimized for all mouse sensitivities and sensors
Highly portable cloth-based design
Anti-fraying stitched frame
Anti-slip rubber base

🖌 FREE shipping fee with minimum order of P199
🖌 Cash on Delivery (COD) is available       
🖌 Order Today Ship ASAP    

DELIVERY PERIOD:  
🚚 2-4 days Metro Manila
🚚 3-7 days Provincial
  
⚠️ Please CHOOSE THE CORRECT variation so we can avoid mistakes.
⚠️ If the item you received is defective, please contact us immediately. 

💡 Please leave us a positive feedback with 5 STARS ⭐️ ⭐️ ⭐️ ⭐️ ⭐️ if you are satisfied with our product and service. Your feedback will be much appreciated.
💡 Please contact us immediately before leaving any negative feedbacks or open a dispute on Shopee.

NOTE: 
📍For wholesalers, please select Ninja Van (Own Packaging) for unlimited volume of orders.


#EG #EvilGeniuses #Dota2 #Dota #SteelSeries #Gaming #Mousepad #GamingMousepad #PC",https://ph.xiapibuy.com//10PCS-Steelseries-Evil-Geniuses-EG-DOTA-2-L11-Gaming-Mouse-Pad-i.88458867.2346201209
EG Evil Geniuses Dota 2 L-11 SteelSeries Gaming Mouse Pad,₱35,₱80,5.0,10,38,Quantity972 piece available,powermax.ph,https://ph.xiapibuy.com/powermax.ph,"Barangay 306, Quiapo, Metro Manila, Metro Manila",CategoryShopeeLaptops & ComputersComputer AccessoriesMouse Pads,No Brand,"Come on and support the TI5 champion, Evil Geniuses!
Evil Geniuses, The International 5 (TI5) champion!

Size: 25cm x 21cm

💯 High Quality
💯 Brand New
Speed surface for faster mouse movements
Soft, Comfortable, Non-slip rubber base
Slick, taut weave for speedy mouse movements
Pixel-precise targeting and tracking
Optimized for all mouse sensitivities and sensors
Highly portable cloth-based design
Anti-fraying stitched frame
Anti-slip rubber base

🖌 30% off on shipping fee with minimum order of P250; FREE shipping fee with minimum order of P500 
🖌 Cash on Delivery (COD) is available             

DELIVERY PERIOD:  
🚚 2-4 days Metro Manila
🚚 3-7 days Provincial
  
⚠️ Please CHOOSE THE CORRECT variation so we can avoid mistakes

💡 Please leave us a positive feedback with 5 STARS ⭐️ ⭐️ ⭐️ ⭐️ ⭐️ if you are satisfied with our product and service. Your feedback will be much appreciated.

NOTE: 
📍For wholesalers, please select Ninja Van (Own Packaging) for unlimited volume of orders.


#EG #EvilGeniuses #Dota2 #Dota #SteelSeries #Gaming #Mousepad #GamingMousepad #PC #L11 #mouse #pad #highquality #cod #game",https://ph.xiapibuy.com//EG-Evil-Geniuses-Dota-2-L-11-SteelSeries-Gaming-Mouse-Pad-i.116431964.1892553005
Genius DX-125 Wired Mouse,₱280,,5.0,1,2,Quantity97 piece available,dnjsupplies,https://ph.xiapibuy.com/dnjsupplies,"Barangay 291, Binondo, Metro Manila, Metro Manila",CategoryShopeeLaptops & ComputersComputer AccessoriesMouse,,"-Sensor Engine: Optical
-Ambidextrous Design
-Plug-and-play
-Number of Buttons:3 (left, right, middle button with scroll)
-Full-size comfort",https://ph.xiapibuy.com//Genius-DX-125-Wired-Mouse-i.47862040.1734539217
10pcs L11 Evil Geniuses EG Gaming MousePad Mouse Pad,₱450,,5.0,7,17,Quantity83 piece available,abyke,https://ph.xiapibuy.com/abyke,"Barangay 303, Santa Cruz, Metro Manila, Metro Manila",CategoryShopeeLaptops & ComputersComputer AccessoriesMouse Pads,,"Material: Cloth with rubber base
Surface treatment: Heat
Size: 25cm*23cm
Glide: Smooth
Compatibility: All mice technologies",https://ph.xiapibuy.com//10pcs-L11-Evil-Geniuses-EG-Gaming-MousePad-Mouse-Pad-i.17133971.1340289861
Genius G-Pen 450 Tablet with Cordless Pen,₱899,,,,0,Quantity1 piece available,giangian22,https://ph.xiapibuy.com/giangian22,"Mariana, Quezon City, Metro Manila, Metro Manila",CategoryShopeeLaptops & ComputersComputer Accessories,,"Affordable, light tablet with cordless pen in good condition. Rarely used.

Inclusions:
- G-Pen 450 tablet
- Cordless pen
- Quick installation guide
- Support and Installation Disk
- Pen-tip-remover
- Original box

Features:
- 4"" x 5.5"" working area for drawing and handwriting.
- Cordless pen has 1024-level pressure sensitivity for all kinds of thickness control.
- Great tool for marketing presentations, document annotation with unique bundle software.
- Connect to laptop via USB 2.0.

Specifications:
- Active Area: 4"" x 5.5""
- Pressure Levels: 1024
- Resolution: 2000 LPI (default)",https://ph.xiapibuy.com//Genius-G-Pen-450-Tablet-with-Cordless-Pen-i.9498451.1301864726
GENIUS WIRED OPTICAL MOUSE DX-110,₱299,,,,0,Quantity1 piece available,mirlor19,https://ph.xiapibuy.com/mirlor19,1,CategoryShopeeLaptops & ComputersComputer AccessoriesMouse,,"USB type Mouse
The only available color is RED

#computeraccessories  #mouse #mouseph #laptopmouse #laptop",https://ph.xiapibuy.com//GENIUS-WIRED-OPTICAL-MOUSE-DX-110-i.14563529.719276412
25 x 21 cm Generic Evil Geniuses Gaming Mousepad,₱40,₱50,4.8,12,29,Quantity1 piece available,edcsr08,https://ph.xiapibuy.com/edcsr08,"Barangay 14, Caloocan City, Metro Manila, Metro Manila",CategoryShopeeLaptops & ComputersComputer AccessoriesMouse Pads,,"Speed surface for faster mouse movements
Soft and flexible for easy storage
Professional edge seamed makes the mouse pad more durable
Backed with a Neoprene Rubber Non-Slip Backing, Keeps the Mouse pad from Sliding
Will not discolor or fade",https://ph.xiapibuy.com//25-x-21-cm-Generic-Evil-Geniuses-Gaming-Mousepad-i.39593.39863593
✟Suitable for small genius children''s tablet K1 K2 protection dedicated 10 inch inner bile bag han,"₱527 - ₱1,104",,,,0,Quantity35000 piece available,zzsrlfz9.ph,https://ph.xiapibuy.com/zzsrlfz9.ph,35000,"CategoryShopeeLaptops & ComputersComputer AccessoriesLaptop Bags, Cases and Skins",No Brand,"??? Welcome  products ???   
   
   
 ?The goods in the store are basically in stock, you can buy with confidence!?   
?No question about delivery problems merchandise will be issued within 48 hours?   
   
☛Please consult the size of the product before placing the order.   
☛Arrange the order within 8 hours after the order is placed, the order display * logistics order number * represents the mail has been sent   
☛Logistics can't be updated instantly when you arrive at the transfer station in about 2-3 days   
☛It takes about 6-8 days from the time of placing the order to the time of delivery.   
☛Customer service consultation is large, please be patient, thank you for your understanding!   
Variation：
Little Genius Pack
Little Genius Pac
Little Genius Stand
Little Genius Pack3
Little Genius Pack4
Little Genius Pack5
Little Genius Pack6
Size：
10 inch",https://ph.xiapibuy.com//✟Suitable-for-small-genius-children''s-tablet-K1-K2-protection-dedicated-10-inch-inner-bile-bag-han-i.154429926.4514523256
PreferredLatest Eva Hard Case Protector For Noco Genius G750/ .75 Amp 6V / 12V Ultrasafe Lithium Starter Port,₱421,,,,1,Quantity325 piece available,putupty.ph,https://ph.xiapibuy.com/putupty.ph,325,"CategoryShopeeLaptops & ComputersComputer AccessoriesLaptop Bags, Cases and Skins",,"Function: Anti-knock,Heavy Duty Protection,Dirt-resistant,Waterproof
Features: Mesh Pocket for Wall Charger
Weight: 220g
Compatible: for NOCO Genius G750 & Charger Bag
Feature: Portable Fashion Light and Great Protective Case
The Caseling Travel CASE bag for NOCO Genius G750 6V/12V 750mA UltraSafe Lithium Jump Starter is made of premium Hard EVA to provide durability and a long-lasting performance.
PERFECT FIT: We've specifically designed the Caseling Case to for NOCO Genius G750 6V/12V 750mA UltraSafe Lithium Jump Starter. so you can safely transport it anywhere.
100% SAFE: The Case is semi-waterproof, shockproof, Stylish and Durable. Guaranteed to prevent any damage to your Starter.
HANDLE: Our case features a very comfortable rubberized handle that allows for easy and convenient portability on
Weight: 220g
colour:black
Material:EVA+nylon
size:24 * 17.5 * 12cm
Package Contents:
1* storage bagOnly the above package content, other products are not included.
Note: Light shooting and different displays may cause the color of the item in the picture a little different from the real thing. The measurement allowed error is +/- 1-3cm.",https://ph.xiapibuy.com//Latest-Eva-Hard-Case-Protector-For-Noco-Genius-G750-.75-Amp-6V-12V-Ultrasafe-Lithium-Starter-Port-i.129873129.2137538247
Genius SP-U115 Speakers,,,,,0,Quantity0 piece available,cccmain,https://ph.xiapibuy.com/cccmain,"Karuhatan, Valenzuela City, Metro Manila, Metro Manila",CategoryShopeeLaptops & ComputersComputer AccessoriesSpeakers,Genius,"Genius SP-U115 Speakers 

Description

Don't be limited by a power adapter. Genius releases cute mini speakers, SP-U115, whose power is supplied through a USB port from a desktop/notebook. They use 50mm speaker drivers for loud and clear sound performance for a total of 1.5 watts RMS. Four glossy front covers to choose from: shiny black, sapphire blue, ruby red or grass white. It has a convenient knob on the side to adjust the volume. Just insert the USB plug to a PC/notebook for power and the 3.5mm audio plug into music playback device, such as a PC, notebook, MP3 or CD player and enjoy music with the SP-U115



",https://ph.xiapibuy.com//Genius-SP-U115-Speakers-i.20959443.1996659630
Genius Netscroll 100x USB Optical Mouse,₱255,,,,0,Quantity1 piece available,cccmain,https://ph.xiapibuy.com/cccmain,"Karuhatan, Valenzuela City, Metro Manila, Metro Manila",CategoryShopeeLaptops & ComputersComputer AccessoriesMouse,Genius,"Genius Netscroll 100x USB Optical Mouse
NetScroll 100X Plug and Play USB mouse
Comfortably designed for either hand
1200 dpi optical engine
Operating System: Windows 10/8/7/Vista/XP/2000/OS X 10.2.8, Macintosh with OS X10.2.8 or higher",https://ph.xiapibuy.com//Genius-Netscroll-100x-USB-Optical-Mouse-i.20959443.1942468901
PreferredGenius NX-7015 Wireless Mouse (Metallic Chocolate),₱388,₱630,4.9,105,220,Quantity13 piece available,playbookstore,https://ph.xiapibuy.com/playbookstore,"Barangay 157, Pasay City, Metro Manila, Metro Manila",CategoryShopeeLaptops & ComputersComputer AccessoriesMouse,Genius,"ORIGINAL AND BRAND NEW!

SYSTEM REQUIREMENTS
• Windows 7, 8, 8.1, 10
• Mac OS X 10.8 or later
• USB Port

SPECIFICATIONS
• RF Frequency: 2.4 GHz
• Number of buttons: 3 (left, right, middle button with scroll)
• Resolution (DPI): 800 / 1200 / 1600
• Sensor engine: BlueEye
• Color: chocolate
• Weight: 57 g (includes receiver)
• Dimensions (W x H x D): 58 x 100 x 38.5 mm (2.28 x 3.94 x 1.52 inches)
------------------------------------------------------------------------------------------------------------------------------------------------------------------
WARRANTY: 
• 1 Year Local Supplier Warranty
• All shipping fees shall be shouldered by the buyer. 
• Kindly send us a message on how to claim the warranty.

IMPORTANT:
Please limit your cart to 4 pcs. of Genius NX-7015 Wireless Mouse  per checkout. The courier has a limit on the dimension of the item to support Shopee's Delivery Promo. Any order that exceeds the limit of the courier will be canceled. Shipping Fees may apply for selected locations. Check the Shopee Help section for more info.

#theplaybookstore #playbook #genius #NX7015 #wireless #bluetooth #mouse #metallic #chocolate #brandnew #original #legit #legitseller",https://ph.xiapibuy.com//Genius-NX-7015-Wireless-Mouse-(Metallic-Chocolate)-i.25952313.313573833
PreferredGenius NX-7015 Wireless Mouse (Metallic Rosy Brown),₱395,₱780,4.9,64,115,Quantity49 piece available,playbookstore,https://ph.xiapibuy.com/playbookstore,"Barangay 157, Pasay City, Metro Manila, Metro Manila",CategoryShopeeLaptops & ComputersComputer AccessoriesMouse,Genius,"ORIGINAL AND BRAND NEW!

SYSTEM REQUIREMENTS
• Windows 7, 8, 8.1, 10
• Mac OS X 10.8 or later
• USB Port

SPECIFICATIONS: 
• RF Frequency: 2.4 GHz
• Number of buttons: 3 (left, right, middle button with scroll)
• Resolution (DPI): 800 / 1200 / 1600
• Sensor engine: BlueEye
• Color: chocolate
• Weight: 57 g (includes receiver)
• Dimensions (W x H x D): 58 x 100 x 38.5 mm (2.28 x 3.94 x 1.52 inches)

PACKAGE CONTENTS
• NX-7015
• USB Pico receiver
• AA alkaline battery
• Multi-language user manual
------------------------------------------------------------------------------------------------------------------------------------------------------------------
WARRANTY: 
• 1 Year Local Supplier Warranty
• All shipping fees shall be shouldered by the buyer. 
• Kindly send us a message on how to claim the warranty.

IMPORTANT:
Please limit your cart to 4 pcs. of Genius NX-7015 Wireless Mouse per checkout. Do not include any other items from the same seller in the same cart. The courier has a limit on the dimension of the item to support Shopee's Delivery Promo. Any order that exceeds the limit of the courier will be canceled. Shipping Fees may apply for selected locations. Check the Shopee Help section for more info.

#theplaybookstore #playbook #genius #wireless #mouse #original #brandnew #legit #legitseller",https://ph.xiapibuy.com//Genius-NX-7015-Wireless-Mouse-(Metallic-Rosy-Brown)-i.25952313.378937548
Genius SP-U115 Colorful Usb Powered Stereo Speakers,₱330,,5.0,1,1,Quantity9 piece available,cebosco86,https://ph.xiapibuy.com/cebosco86,"Guadalupe, Cebu City, Visayas, Cebu",CategoryShopeeLaptops & ComputersComputer AccessoriesSpeakers,Genius,"SP-U115
Easy setup and control
Set up is so easy! 
Just connect the SP-U115 to your device with the 3.5mm audio plug and you are ready to go. Furthermore, the volume knob on the side is easy to adjust at anytime.

Rich and clear sound
The 50mm driver unit and full 3-watt output delivers you clear, strong stereo sound performance",https://ph.xiapibuy.com//Genius-SP-U115-Colorful-Usb-Powered-Stereo-Speakers-i.98271967.2402433660
Genius SP-U115 USB Powered Speaker,₱450,₱599,,,0,Quantity6 piece available,random_94,https://ph.xiapibuy.com/random_94,"Barangay 287, Binondo, Metro Manila, Metro Manila",CategoryShopeeLaptops & ComputersComputer AccessoriesSpeakers,Genius,"Total RMS output: 1.5 watts
Total peak power: 3 watts
Power supplied by USB port from desktop/notebook
Selected 50x50 mm speakers for clear sound
Glossy front panel
Volume control
Works great with any computer system using a standard 3.5mm audio plug
Compatible with Win7, Vista, XP, Mac 10.0 or above",https://ph.xiapibuy.com//Genius-SP-U115-USB-Powered-Speaker-i.16176125.560724350
Evil Geniuses Extended Gaming Mouse Pad,₱290,,,,0,Quantity5 piece available,jjgrace.shop,https://ph.xiapibuy.com/jjgrace.shop,"Barangay 275, San Nicolas, Metro Manila, Metro Manila",CategoryShopeeLaptops & ComputersComputer AccessoriesMouse Pads,No Brand,"Material: rubber + cloth
Size: 800X300mm
ordinary gaming mouse pad
natural rubber bottom,
bottom lines superior adhesion
non-slip
safe non-toxic
Catcher design 
 #800-300 ",https://ph.xiapibuy.com//Evil-Geniuses-Extended-Gaming-Mouse-Pad-i.132142718.2341344999
Genius DX-125 USB MOUSE,₱600,,,,0,Quantity15 piece available,random_94,https://ph.xiapibuy.com/random_94,"Barangay 287, Binondo, Metro Manila, Metro Manila",CategoryShopeeLaptops & ComputersComputer AccessoriesMouse,,"Genius DX-125 USB MOUSE

Rm 311 Padilla de los  Reyes Bldg. 232 Juan Luna St. Binondo Manila
Tel. 241 6868",https://ph.xiapibuy.com//Genius-DX-125-USB-MOUSE-i.16176125.339794144
