,name,price,Original_price,star,reviews,sold,stock,seller,seller_link,seller_from,category,brand,description,URL,link
0,Mouse Cable/Mouse Gaming/NO Mouse Wireless,5.999 - 32.999,20.000 - 40.000,4.5,425,"1,3RB",Kuantitastersisa 1989 buah,anitech_toko,https://id.xiapibuy.com/anitech_toko,"KOTA JAKARTA BARAT - TAMAN SARI, DKI JAKARTA, ID",ShopeeKomputer & AksesorisMouse & Keyboards,Hp,"Mouse Cable/Mouse Gaming/NO Mouse Wireles

Garansi 1TAHUN
Spesifikasi;
- Conector :USB Cable 1,5M
- Tranmission system:Red light
- Mouse Button :4
- Operation platform:Win2000/Win XP/Win7/Win8/Win10/Mac OS/Linux


****wajib atc dos dan bubble sebagai pengaman packing di perjalanan.
tdk atc bubble dan dus, tidak bisa klaim Pecah dlm pengiriman , tdk bisa retur
(meskipun sangat jarang krn terbuat dari bahan yg kuat)
-kerusakan dlm perjalanan bukan tanggung jawab penjual. No garansi. No
refund/retur. Barang dikirim sesuai dengan Qc pabrik
- Jangan lupa cantumkan warna yang dipilih sesuai dengan deskripsi produk. jika
warna yg dipilih kosong/tdk ada keterangan cancel jika wrna kosong, maka kita
kirim random
Kami tidak terima complain / penukaran yang disebabkan customer / pembeli tidak
membaca keterangan yg sudah kami cantumkan !!!!


",https://id.xiapibuy.com//Mouse-Cable-Mouse-Gaming-NO-Mouse-Wireless-i.146927990.2293704867,https://id.xiapibuy.com//Mouse-Cable-Mouse-Gaming-NO-Mouse-Wireless-i.146927990.2293704867
1,Mouse Wireless / WIRELESS MOUSE,5.999 - 130.000,20.000 - 130.000,4.4,853,"2,4RB",Kuantitastersisa 3507 buah,anitech_toko,https://id.xiapibuy.com/anitech_toko,"KOTA JAKARTA BARAT - TAMAN SARI, DKI JAKARTA, ID",ShopeeKomputer & AksesorisMouse & Keyboards,Hp,"Mouse Wireless / WIRELESS MOUSE
Hand Orientation: Both Hands
Brand Name: HP
Number of Buttons: 4
Type: 2.4Ghz Wireless
Tanpa tombol on/off (auto)
Interface Type: USB
Style: Finger
Number of Rollers: 1
DPI:800/1200/1600
Compatibility:Windows7/8/10 ISO10.0
Tracking Method: Optical


****wajib atc dos dan bubble sebagai pengaman packing di perjalanan.
tdk atc bubble dan dus, tidak bisa klaim Pecah dlm pengiriman , tdk bisa retur
(meskipun sangat jarang krn terbuat dari bahan yg kuat)
-kerusakan dlm perjalanan bukan tanggung jawab penjual. No garansi. No
refund/retur. Barang dikirim sesuai dengan Qc pabrik
- Jangan lupa cantumkan warna yang dipilih sesuai dengan deskripsi produk. jika
warna yg dipilih kosong/tdk ada keterangan cancel jika wrna kosong, maka kita
kirim random
Kami tidak terima complain / penukaran yang disebabkan customer / pembeli tidak
membaca keterangan yg sudah kami cantumkan !!!!

",https://id.xiapibuy.com//Mouse-Wireless-WIRELESS-MOUSE-i.146927990.2293886535,https://id.xiapibuy.com//Mouse-Wireless-WIRELESS-MOUSE-i.146927990.2293886535
2,Star SellerKeyboard Laptop HP Compaq CQ43 CQ45 CQ57 CQ430 CQ431 CQ435 CQ436 430 431 HP 1000 G4 G6 G43 2000,46.000,,4.8,189,368,Kuantitastersisa 164 buah,wepart,https://id.xiapibuy.com/wepart,"KOTA JAKARTA UTARA - PADEMANGAN, DKI JAKARTA, ID",ShopeeKomputer & AksesorisMouse & KeyboardsKeyboard,Hp,"	
Ready stock, silahkan langsung di order.
Siap antar gojek ataupun grab.

Keyboard HP Compaq Presario CQ43 CQ43-100 CQ43-200 CQ43-300 CQ43-400, CQ57 CQ57-100 CQ57-200 CQ57-300 CQ57-400, CQ430 CQ431 CQ435 CQ436 Series/ HP Pavilion G4, G6, G43, 2000, 600 Series/ V121046AS1, 633183-001

Warna hitam
kondisi baru
Garansi 30 Hari

Bila butuh informasi lebih lanjut tentang ketersediaan stock barang , Gambar dan detail produk , langsung saja hubungi kami melalui Layanan Pesan",https://id.xiapibuy.com//Keyboard-Laptop-HP-Compaq-CQ43-CQ45-CQ57-CQ430-CQ431-CQ435-CQ436-430-431-HP-1000-G4-G6-G43-2000-i.83083839.2377205855,https://id.xiapibuy.com//Keyboard-Laptop-HP-Compaq-CQ43-CQ45-CQ57-CQ430-CQ431-CQ435-CQ436-430-431-HP-1000-G4-G6-G43-2000-i.83083839.2377205855
3,Star SellerBaseus Stylus Pen 2in1 Touch Screen Capacitive / Pen Multifunction Baseus Stylus universal,99.000,,4.8,164,287,Kuantitastersisa 65 buah,queenviolet,https://id.xiapibuy.com/queenviolet,"KAB. TANGERANG - KOSAMBI, BANTEN, ID",ShopeeKomputer & AksesorisMouse & KeyboardsPen Tablet,Baseus,"Pen Stylus 2in1 Baseus 

Bisa Utk Pen Gel dan Stylus Ponsel / Tablet


1.2-in-1 pen: accurate disk tip + writing tip
2.Sensitive touch control and delicate stroke
3.108-degree tilted, smooth drawing and drafting
4.Convenient and fast performance, great for business and office work
5.Widely compatible with Android/iOS/Windows systems of mobile phones and tablets

Specification:
1.Material: aluminium alloy + silicon
2.Technology: Anodized coloring
3.Suitable for: capacitive touch screen

Package included:
1 x BASEUS 2-in-1 Capacitive Touch Screen Pen",https://id.xiapibuy.com//Baseus-Stylus-Pen-2in1-Touch-Screen-Capacitive-Pen-Multifunction-Baseus-Stylus-universal-i.10902511.6911066634,https://id.xiapibuy.com//Baseus-Stylus-Pen-2in1-Touch-Screen-Capacitive-Pen-Multifunction-Baseus-Stylus-universal-i.10902511.6911066634
4,HP Mousepad Gaming 3524,47.500,70.000,4.8,64,101,Kuantitastersisa 51 buah,hpgaminggear,https://id.xiapibuy.com/hpgaminggear,"KOTA JAKARTA PUSAT - SAWAH BESAR, DKI JAKARTA, ID",ShopeeKomputer & AksesorisMouse & KeyboardsMouse Pad,Hp,"PRODUK YANG DITAMPILKAN BERARTI STOCK READY GARANSI 1 TAHUN.

Smoothness and controllablity

Durable and washable

Strong toughness and nondeformable

HP Gaming Mouse Pand adopted update 3D fabric technics.With the high temperature surface-hardening,in has a more close-textured surface.The extreme smoothness and controllability of soft handle attributes an extensive compatibility and durability.HP Gaming Mouse Pad can effectively improve the comfortablity and efficiency when professional game players and time-consuming computer users use it.To the extreme condition,it can contribute 15% improvement more than ordinary ones.

Technical Specifications

Width : 90

High : 40

Thickness : 3

Mouse pad : 35x24x3

Intensive fabric technics

HP mouse pad by the research and develop of the fabric pattern,probide the nice amount of friction,in order to ensure accurate to the pixel location and the best mouse response,and at the same time maintain ergonomic region operation smooth and stable.

Full package edge design
The edge of the HP controll mouse pad uses extra fine knitting to remove excess edges to make sure the mouse pad is more durable.",https://id.xiapibuy.com//HP-Mousepad-Gaming-3524-i.83244843.2259906817,https://id.xiapibuy.com//HP-Mousepad-Gaming-3524-i.83244843.2259906817
5,HP Mousepad Gaming 7035,77.500,110.000,5.0,46,79,Kuantitastersisa 15 buah,hpgaminggear,https://id.xiapibuy.com/hpgaminggear,"KOTA JAKARTA PUSAT - SAWAH BESAR, DKI JAKARTA, ID",ShopeeKomputer & AksesorisMouse & KeyboardsMouse Pad,Hp,"PRODUK YANG DITAMPILKAN BERARTI STOCK READY GARANSI 1 TAHUN.

Smoothness and controllablity

Durable and washable

Strong toughness and nondeformable

HP Gaming Mouse Pand adopted update 3D fabric technics.With the high temperature surface-hardening,in has a more close-textured surface.The extreme smoothness and controllability of soft handle attributes an extensive compatibility and durability.HP Gaming Mouse Pad can effectively improve the comfortablity and efficiency when professional game players and time-consuming computer users use it.To the extreme condition,it can contribute 15% improvement more than ordinary ones.

Technical Specifications

Width : 90

High : 40

Thickness : 3

Mouse pad : 70x35x3

Intensive fabric technics

HP mouse pad by the research and develop of the fabric pattern,probide the nice amount of friction,in order to ensure accurate to the pixel location and the best mouse response,and at the same time maintain ergonomic region operation smooth and stable.

Full package edge design
The edge of the HP controll mouse pad uses extra fine knitting to remove excess edges to make sure the mouse pad is more durable.",https://id.xiapibuy.com//HP-Mousepad-Gaming-7035-i.83244843.2259724177,https://id.xiapibuy.com//HP-Mousepad-Gaming-7035-i.83244843.2259724177
6,keyboard HP SK-6533,,,4.5,45,101,Kuantitastersisa 0 buah,gosendacc123,https://id.xiapibuy.com/gosendacc123,"KOTA JAKARTA BARAT - KALIDERES, DKI JAKARTA, ID",ShopeeKomputer & AksesorisMouse & KeyboardsKeyboard,Hp,"Jangan lupa selalu membaca Deskripsi penjual sebelum belanja di toko Gosend Acc

1.jam kerja operasional 08:00-18:00
2.Pengiriman setelah melakukan transaksi, jika order di atas jam 18:00 maka barang di kirim besok harinya .
3.resi akan di masukin dengan hari yang sama setelah barang dikirim, jadi mohon bagi pembeli untuk sabar menerima resi dari kami üôè
4.sebelum pesanan di kirim sudah kami cek/periksa kembali 
5.jika sudah baca berati anda sudah meyetui

Keyboard HP SK6533 cable 1.8m tombol lembut

Tambahin bubble wrap  supaya lebih aman, tidak slh hny klrin 2rb sja",https://id.xiapibuy.com//keyboard-HP-SK-6533-i.117835703.1947142276,https://id.xiapibuy.com//keyboard-HP-SK-6533-i.117835703.1947142276
7,Star SellerKeyboard Laptop HP 1000 430 431 G4 CQ 43 435 CQ45 CQ57,50.000,,4.5,49,81,Kuantitastersisa 68 buah,askomputer2242,https://id.xiapibuy.com/askomputer2242,"KOTA JAKARTA PUSAT - SAWAH BESAR, DKI JAKARTA, ID",ShopeeKomputer & AksesorisMouse & KeyboardsKeyboard,Hp,"Keyboard Laptop HP 1000 430 431 G4 CQ 43 435 CQ45 CQ57

Kondisinya Baru
Warna hitam
Garansinya 30 hari",https://id.xiapibuy.com//Keyboard-Laptop-HP-1000-430-431-G4-CQ-43-435-CQ45-CQ57-i.27164911.411674312,https://id.xiapibuy.com//Keyboard-Laptop-HP-1000-430-431-G4-CQ-43-435-CQ45-CQ57-i.27164911.411674312
8,Mouse HP M100 Gaming Wired Mouse LED,35.000,,4.1,52,113,Kuantitastersisa 100 buah,vision.multicom,https://id.xiapibuy.com/vision.multicom,"KOTA JAKARTA UTARA - PADEMANGAN, DKI JAKARTA, ID",ShopeeKomputer & AksesorisMouse & Keyboards,Hp,"Features :
Ergonomic design , it can be used by both left or right hand according to peopels's using habits. Small and exquiste design , convenient to carry , makes you free to work on the computer . Comfortable buttons and scroll wheels . More than 3 million times key life , more durable.

system supported : windows 2000/XP/VISTA/WINDOWS 7
Transmission system : Red light
Resolution : 800 DPI (Default)
Mouse Botton : 4
Key life : 5 million
Rate Voltege / Current : DC 5v / 100mA
Connector : usb 2.0
OS : XP/7/8.1/1",https://id.xiapibuy.com//Mouse-HP-M100-Gaming-Wired-Mouse-LED-i.552219.1626302544,https://id.xiapibuy.com//Mouse-HP-M100-Gaming-Wired-Mouse-LED-i.552219.1626302544
9,"Star SellerKeyboard Laptop HP 430, HP 431, HP 1000, HP Pavilion G4, HP Pavilion G6, HP Pavilion G43 Compaq CQ53",78.000,,4.9,44,58,Kuantitastersisa 19 buah,transjayacomputer,https://id.xiapibuy.com/transjayacomputer,"KOTA JAKARTA BARAT - KEBON JERUK, DKI JAKARTA, ID",ShopeeKomputer & AksesorisMouse & KeyboardsKeyboard,Hp,"Keyboard ini cocok untuk laptop seri : 

HP 430 
HP 431 
HP 1000 Series
HP Pavilion G4 - 1000an series
G6 - 1000an series
G43

Kenapa harus beli di Transjaya Computer?

1. Kondisi Baru dan Bergaransi 3 bulan tanpa batas klaim (Rusak ganti baru bukan diservice)

2. Sebelum dikirim keyboard dipastikan sudah kita tes baik secara fisik maupun fungsionalnya, semua tuts berfungsi normal dan fisiknya oke. Untuk pengetesan keyboard langsung kami tes pada unit laptop yang sama.

3. Pengiriman keyboard dijamin aman karena kami menggunakan bubble wrap serta box kardus khusus elektronik dimana kami custom sendiri (bukan kardus bekas) berlaku juga untuk pengiriman menggunakan gosend / grab akan kami packing sebaik-baiknya. Untuk paket kiriman yang jauh akan kami berikan extra bubble wrap luar dan dalam untuk menjamin barang sampai dengan selamat (sampel packing dan tes keyboard seperti difoto).
UNTUK BUBBLE WRAP DAN BOX KARDUS FREE TANPA BIAYA TAMBAHAN :)

*Sudah beli namun ada kendala pemasangan dan butuh pengecekan lanjutan?
Silakan mampir ke workshop kita di daerah Jakarta Barat, Kami melayani jasa Pemasangan & Pengecekan keyboard laptop. Pemasangan keyboard tidak perlu diinap, bisa Ditunggu Dilihat Dicoba dan langsung bawa pulang. Info lebih lanjut silakan PM. ",https://id.xiapibuy.com//Keyboard-Laptop-HP-430-HP-431-HP-1000-HP-Pavilion-G4-HP-Pavilion-G6-HP-Pavilion-G43-Compaq-CQ53-i.24944332.383123156,https://id.xiapibuy.com//Keyboard-Laptop-HP-430-HP-431-HP-1000-HP-Pavilion-G4-HP-Pavilion-G6-HP-Pavilion-G43-Compaq-CQ53-i.24944332.383123156
10,HP Mousepad Gaming 9040,92.500,140.000,4.9,29,43,Kuantitastersisa 55 buah,hpgaminggear,https://id.xiapibuy.com/hpgaminggear,"KOTA JAKARTA PUSAT - SAWAH BESAR, DKI JAKARTA, ID",ShopeeKomputer & AksesorisMouse & KeyboardsMouse Pad,Hp,"PRODUK YANG DITAMPILKAN BERARTI STOCK READY GARANSI 1 TAHUN.

Smoothness and controllablity

Durable and washable

Strong toughness and nondeformable

HP Gaming Mouse Pand adopted update 3D fabric technics.With the high temperature surface-hardening,in has a more close-textured surface.The extreme smoothness and controllability of soft handle attributes an extensive compatibility and durability.HP Gaming Mouse Pad can effectively improve the comfortablity and efficiency when professional game players and time-consuming computer users use it.To the extreme condition,it can contribute 15% improvement more than ordinary ones.

Technical Specifications

Width : 90

High : 40

Thickness : 3

Mouse pad : 90x40x3

Intensive fabric technics

HP mouse pad by the research and develop of the fabric pattern,probide the nice amount of friction,in order to ensure accurate to the pixel location and the best mouse response,and at the same time maintain ergonomic region operation smooth and stable.

Full package edge design
The edge of the HP controll mouse pad uses extra fine knitting to remove excess edges to make sure the mouse pad is more durable.",https://id.xiapibuy.com//HP-Mousepad-Gaming-9040-i.83244843.2259801677,https://id.xiapibuy.com//HP-Mousepad-Gaming-9040-i.83244843.2259801677
11,Star SellerHP 200 Wireless Mouse,85.000,159.000,4.8,18,30,Kuantitastersisa 28 buah,we_comp,https://id.xiapibuy.com/we_comp,"KOTA JAKARTA BARAT - KEMBANGAN, DKI JAKARTA, ID",ShopeeKomputer & AksesorisMouse & Keyboards,Hp,"Spesifikasi
******************************
HP 200 Wireless Mouse Silver

Konektivitas
Wireless via USB

Fitur
Wireless Mouse, 2.4 GHz Wireless, USB

Kompatibilitas
Windows 7 and above, Mac OS 10.x and above, and Chrome OS

Garansi
1 Tahun dari HP Indonesia",https://id.xiapibuy.com//HP-200-Wireless-Mouse-i.30555036.7515672643,https://id.xiapibuy.com//HP-200-Wireless-Mouse-i.30555036.7515672643
12,Mouse HP Laverock 2.4G Wireless Optical Mouse,39.000,,4.8,12,15,Kuantitastersisa 5 buah,grade_computer,https://id.xiapibuy.com/grade_computer,"KOTA JAKARTA UTARA - PADEMANGAN, DKI JAKARTA, ID",ShopeeKomputer & AksesorisMouse & Keyboards,Hp,"This HP Laverock 2.4G Wireless Optical Mouse offers a comfortable and intuitive control of your laptop. Move your mouse to the place that best suits you and enjoy the freedom and precision offered. This wireless mouse is the true definition of freedom. It comes with a nano-receiver (easy to plug in). No software to install. The HP Laverock Wireless Optical Mouse allows you to enjoy precision, style and comfort making it the perfect companion for the person on the go!

HP LAVEROCK 2.4G WIRELESS OPTICAL MOUSE:
- 5 button design
- Rubber scroll wheel
- It goes into sleep mode automatically when not in use
- 2.4GHZ wireless technology 
- Powered by 2 x AAA battery (Battery not included)",https://id.xiapibuy.com//Mouse-HP-Laverock-2.4G-Wireless-Optical-Mouse-i.102655935.6631711493,https://id.xiapibuy.com//Mouse-HP-Laverock-2.4G-Wireless-Optical-Mouse-i.102655935.6631711493
13,Mouse HP X500 Wired USB | OEM,29.000,,4.8,28,117,Kuantitastersisa 499 buah,vision.multicom,https://id.xiapibuy.com/vision.multicom,"KOTA JAKARTA UTARA - PADEMANGAN, DKI JAKARTA, ID",ShopeeKomputer & AksesorisMouse & Keyboards,Hp,"Enjoy the reliable HP Wired Mouse X500 that conveniently connects to your computer via USB. The contoured shape comfortably fits the natural arch of the hand and can be programmed to work with either hand. Simply plug in and navigate seamlessly with the responsive optical tracking.

Features
Designed with your comfort in mind, the elongated arch and contoured shape provides relaxed control for either right or left-hand users.

With a simple inserting the USB cord, you power your mouse and avoid ever replacing batteries. No software or downloads. Just start scrolling and clicking away.

Navigate Windows XP, Vista, 7 or 8 with the convenient 3 control buttons and central scroll wheel.

The optical tracking technology provides ideal tracking on most surfaces for accurate and smooth control.

System Requirements :
Minimum System Requirements	Available USB port
Microsoft Windows XP/Vista/7/8 or Mac OSX
System requirements, recommended	Available USB port
Microsoft¬Æ Windows¬Æ XP/Vista‚Ñ¢/7/8
Mac OSX
Dimensions
Minimum dimensions (W x D x H)	115.10 x 63.50 x 35.38 mm
Package dimensions (W x D x H)	140 x 120 x 55 mm",https://id.xiapibuy.com//Mouse-HP-X500-Wired-USB-OEM-i.552219.1609222923,https://id.xiapibuy.com//Mouse-HP-X500-Wired-USB-OEM-i.552219.1609222923
14,HP Keyboard Membrane K130,110.000,220.000,4.0,2,10,Kuantitastersisa 69 buah,hpgaminggear,https://id.xiapibuy.com/hpgaminggear,"KOTA JAKARTA PUSAT - SAWAH BESAR, DKI JAKARTA, ID",ShopeeKomputer & AksesorisMouse & KeyboardsKeyboard,Hp,"PRODUK YANG DITAMPILKAN BERARTI STOCK READY GARANSI 1 TAHUN.

Specifications :
- Connection type : USB Wired
- Key Route : 2.0mm
- Key Force : 50g¬±5g
- Key life : Up to 10 million cycles
- Rate voltage/current : DC5V/100mA
- Unpackaged Product Dimensions : 463.7 mm(L) x 192.2mm (W) x 30.9mm(H)¬±0.5mm
- Cable Length : 1.8M(rubber cable)
- Unpackaged Product Weight : 815g¬±5g(includes cable)
- Supported Operating Sysems : Windows 7/Windows 8.1/Windows 10 and Mac OS:10.3 or later

Features :
- Full-size,membrane keyboard provides increased productivity and accuracy.
- 4 keyboard indicator lights glow blue & illuminate your path to productivity.
- Optimum performance:High-end optical engine adds precise positioning to your game.
- Designed for comfort.Adjustable legs provide flexible wrist positions.
- No distractions here.Quiet keys maintain peaceful game & play environments.
- HP standard one-year limited warranty from date of purchase.",https://id.xiapibuy.com//HP-Keyboard-Membrane-K130-i.83244843.5717336194,https://id.xiapibuy.com//HP-Keyboard-Membrane-K130-i.83244843.5717336194
15,"Star SellerKeyboard laptop HP Pavilion 14-D10 Series, 14-D040tu, 14-D010au, 14-D012tu,",73.000,,4.8,34,62,Kuantitastersisa 37 buah,wepart,https://id.xiapibuy.com/wepart,"KOTA JAKARTA UTARA - PADEMANGAN, DKI JAKARTA, ID",ShopeeKomputer & AksesorisMouse & KeyboardsKeyboard,Hp,"Ready stock, silahkan langsung di order.
Siap antar gojek ataupun grab.

cocok untuk type:
Keyboard HP Pavilion 14-D10 Series, 14-D040tu, 14-D010au, 14-D012tu,



Warna: Hitam
Kondisi : Baru / New.
Garansi : 30 hari ( No Human Error ). 

Bila butuh informasi lebih lanjut tentang ketersediaan stock barang , Gambar dan detail produk , langsung saja hubungi kami melalui Layanan Pesan",https://id.xiapibuy.com//Keyboard-laptop-HP-Pavilion-14-D10-Series-14-D040tu-14-D010au-14-D012tu--i.83083839.2612654367,https://id.xiapibuy.com//Keyboard-laptop-HP-Pavilion-14-D10-Series-14-D040tu-14-D010au-14-D012tu--i.83083839.2612654367
16,Star SellerKeyboard Laptop HP COMPAQ CQ42 G42 CQ 42 CQ42-100 CQ42-200 G42-300,58.000,,4.9,30,39,Kuantitastersisa 9 buah,wepart,https://id.xiapibuy.com/wepart,"KOTA JAKARTA UTARA - PADEMANGAN, DKI JAKARTA, ID",ShopeeKomputer & AksesorisMouse & KeyboardsKeyboard,Hp,"Keyboard Laptop HP COMPAQ CQ42 G42 CQ 42 CQ42-100 CQ42-200 G42-300

Kondisi : Baru
Warna  : Hitam
Garansi : 30 Hari",https://id.xiapibuy.com//Keyboard-Laptop-HP-COMPAQ-CQ42-G42-CQ-42-CQ42-100-CQ42-200-G42-300-i.83083839.2612754890,https://id.xiapibuy.com//Keyboard-Laptop-HP-COMPAQ-CQ42-G42-CQ-42-CQ42-100-CQ42-200-G42-300-i.83083839.2612754890
17,HP MOUSE WIRELESS 200 ORIGINAL,150.000,,5.0,9,25,Kuantitastersisa 92 buah,difanalisa_store,https://id.xiapibuy.com/difanalisa_store,"KOTA JAKARTA TIMUR - PULO GADUNG, DKI JAKARTA, ID",ShopeeKomputer & AksesorisMouse & KeyboardsMouse Pad,Hp,"Specifications
Product color
Silk silver
Dimensions (W x D x H)
95 x 58.5 x 34 mm
Package dimensions (W x D x H)
197 x 141 x 54 mm
Weight
0.078 kg
Package weight
0.14 kg
Minimum System Requirements
Windows 7 and above,[2] Mac OS 10.x and above, and Chrome OS.",https://id.xiapibuy.com//HP-MOUSE-WIRELESS-200-ORIGINAL-i.211322647.5514417755,https://id.xiapibuy.com//HP-MOUSE-WIRELESS-200-ORIGINAL-i.211322647.5514417755
18,Star SellerHP Mouse Gaming M150,73.000,,5.0,5,9,Kuantitastersisa 4 buah,smartit18,https://id.xiapibuy.com/smartit18,"KAB. PATI - PATI, JAWA TENGAH, ID",ShopeeKomputer & AksesorisMouse & Keyboards,Hp,"TOKO ONLINE YANG ADA TOKO OFFLINE NYA!!
Silahkan Konfirmasi Terlebih Dahulu Mengenai Persediaan Stok Barang Sebelum Melakukan Pembelian/Transaksi Ya Agan Sistah 
Terimakasih^_^

Fitur :
- Kontrol game Anda: Sesuaikan pengaturan DPI Anda (1000 dan 1600 dpi) untuk penargetan yang lebih tepat, peningkatan kemampuan manuver atau kecepatan maksimum
- Performa optimal: Mesin optik canggih menambahkan penargetan yang tepat, akurasi, dan respons yang konsisten terhadap gudang permainan Anda.
- Dua-tujuan mouse: Dan mouse gaming entry-level yang luar biasa dengan tombol khusus berikutnya / sebelumnya, ini mempercepat penjelajahan di internet.
- Masalah kualitas: Standar dan pedoman HP yang ketat memastikan kualitas yang tahan lama.
- Garansi terbatas satu tahun standar HP sejak tanggal pembelian

Spesifikasi:
- Jenis paket: Standar resmi
- Klasifikasi warna: hitam
- Mode operasi: Photoelectricity
- Jenis Koneksi: USB kabel
- Metode Pelacakan: Inferensi optik
- Sensor: Sunplus 168A
- Nomor tombol: 6
- Jarak tombol tekan: 0.8mm
- Tombol tekan gaya: 70g + -5g
- Kehidupan tombol tekan: Hingga 5 juta siklus
- Resolusi optik: 1600dpi
- Dukungan rekayasa manusia: dukungan
- Panjang Kabel: 1.5M (kabel reruntuhan)
- Tegangan / arus rating: DC 5V / di bawah 100mA

JADWAL OPERASIONAL

1. Sebelum kami kirim kami pastikan barang dalam kondisi normal
2. Jam operasional : Senin - Sabtu : 08.00-17.00
3. Pengiriman buka mulai dari hari senin-sabtu. minggu kami tidak melakukan pengiriman namun kami tetap menerima order.
4. Diskusikan terlebih dahulu produk yang ingin anda beli untuk lebih memastikan stok persediaan barang / warna yang anda inginkan, karena terbatasnya stok.
5. Barang yang kami kirim kami pastikan kondisi 100% normal
6. Kemiripan gambar dengan barang adalah 95%, hal ini tergantung dari faktor lightning, camera, dan lain-lain.
7. GARANSI: ada beberapa item barang yang hanya garansi tes saja sebelum pengiriman ke konsumen,tetapi jika kesalahan ada pada kami maka kami akan bertanggung jawab untuk pengantian item barang yang tidak berfungi 1 (satu) minggu setelah anda terima,jika lewat kami tidak bisa mengGARANSI lagi.
PAKINGAN: BLESEK,PENYOK,ROBEK,PECAH : semua diluar kendali kami di karenakan penumpukan di expedisi. Yang penting Produk adalah BARU dan berfungsi sebagaimana mestinya.
8. PRODUK: BE A SMART BUYER,kami tidak menerima RETUR/KOMPLENAN atas orderan yang anda pesan jika produk tidak sesuai dengan yang anda pesan dengan alasan SALAH PESAN.
9. Baca atau tidak berarti konsumen sudah menyetujui.

",https://id.xiapibuy.com//HP-Mouse-Gaming-M150-i.156281632.2892608957,https://id.xiapibuy.com//HP-Mouse-Gaming-M150-i.156281632.2892608957
19,Star SellerHP Spectre 700 Bluetooth Laser Rechargeable Mouse,890.000,,5.0,1,2,Kuantitastersisa 5 buah,theawesomeboy,https://id.xiapibuy.com/theawesomeboy,"KOTA BEKASI - JATI SAMPURNA, JAWA BARAT, ID",ShopeeKomputer & AksesorisMouse & Keyboards,Hp,"Ready, silakan langsung diorder.
Desain mouse seperti mobil sport dengan tampilan fituristik dan elegan.

warna yang tersedia: 

black GOLD
blue Poseidon LIGHT GOLD
silver

sangat cocok sekali dikawinkan dengan laptop hp spectre agan :)

Keunggulan:
- desain unik, futuristik, mewah, fashionable, eye catching, tidak pasaran serta nyaman di genggaman
- produk ori dari brand besar hp dengan kualitas terjamin mutunya
- dapat terhubung ke 4 devices bergantian (1 dongle wireless dan 3 bluetooth)
- DPI adjusment yaitu bisa diatur DPI nya sesuai kebutuhan 800, 1200 dan 1600
- menggunakan sensor laser sehingga bisa digunakan di permukaan apa saja, di atas kaca pun bukan merupakan halangan
- scrool up down dan bisa klik kanan kiri
- tipe baterai charging disertai indikator baterai
- baterai awet, sekali charge bisa tahan hingga 11 minggu

Product parameters:

Brand: HP
Series: Spectre 700
Number of buttons: 5 
Optical resolution: 1600dpi
Battery model: charging 
Wireless Technology: Bluetooth 
Wireless Distance: 10m


What's Included
HP Spectre 700
USB dongle, micro-USB cable",https://id.xiapibuy.com//HP-Spectre-700-Bluetooth-Laser-Rechargeable-Mouse-i.5618714.2451063088,https://id.xiapibuy.com//HP-Spectre-700-Bluetooth-Laser-Rechargeable-Mouse-i.5618714.2451063088
20,HP Gaming Mouse M100 7 LED - Hitam,45.000,90.000,4.9,7,17,Kuantitastersisa 100 buah,kiostech88,https://id.xiapibuy.com/kiostech88,"KOTA JAKARTA PUSAT - SAWAH BESAR, DKI JAKARTA, ID",ShopeeKomputer & AksesorisMouse & Keyboards,Hp,"Detail produk dari HP Gaming Mouse G1100/M100 7 LED - Hitam.

    7 Colors LED..
    1000 / 1600 Dpi Shiftable ( Default 1000 Dpi )...
    USB 2.0..
    4 Buttons..
    Design Ergonomis Rubber Side Grips..
    Compatible OS Windows, Mac.

Detail produk dari HP Gaming Mouse G1100/M100 - 1000 Dpi - Hitam.

HP G1100/M100 Gaming Office Mouse USB Dengan 7 Colors LED adalah Professional Gaming Office Mouse yang Sengaja Dirancang Untuk Memenuhi Kebutuhan dari Pengguna Mouse , yang Membutuhkan Ketahanan Tinggi seperti Gaming dan Model yang Menarik Seperti Mouse di Perkantoran pada Umumnya. Mouse ini memiliki berbagai keunggulan baik dari segi desain maupun kinerja. Dirancang Khusus Untuk Menjadi Mouse Terbaik Di kelasnya, HP G1100 menjadikan partner terbaik Anda Para Pengguna Mouse yang Selalu Menginginkan Kenyamanan Dalam Bekerja di Perkantoran Dengan Ketahanan yang Tinggi Seperti Mouse Gaming Pada umumnya. dan bisa menikmati pengalaman bermain yang mengesankan. Memiliki tingkat DPI maksimal 1600 DPI Shiftable , Kabel Gaming Berkualitas, dan Pengaturan Tingkat DPI Yang Dapat kita atur sesuai kebutuhan yakni Sampai 1600 Dpi Mouse dilengkapi dengan 7 macam warna LED yang berbeda untuk cahaya latar yang akan berganti warna secara otomatis Tetapi Tidak Terlihat Norak Atau Ramai Seperti Gaming Mouse Lainnya yang ada dipasaran . HP G1100 ini terdiri dari 4 Tombol (Left Click, Right click, Universal scrolling, Function DPI ). Dengan desain yang ergonomic, Mouse ini sudah Plug N Play dengan ukuran body mouse 13 x 7 x 4 cm dan panjang kabel 1,5 m....",https://id.xiapibuy.com//HP-Gaming-Mouse-M100-7-LED-Hitam-i.88057874.1475828660,https://id.xiapibuy.com//HP-Gaming-Mouse-M100-7-LED-Hitam-i.88057874.1475828660
21,Star SellerKeyboard Laptop HP Compaq cq43 cq430 cq57 HP Pavilion G4 G6 HP 1000,75.000,,4.6,80,124,Kuantitastersisa 84 buah,elfathancomputer,https://id.xiapibuy.com/elfathancomputer,"KOTA JAKARTA PUSAT - SAWAH BESAR, DKI JAKARTA, ID",ShopeeKomputer & AksesorisMouse & KeyboardsKeyboard,Hp,"TOKO TERBAIK,TERMURAH DAN TERPERCAYA.

Keyboard Laptop HP Compaq cq43 cq430 cq57 HP Pavilion G4 G6 HP 1000

Warna : Hitam.
Kondisi : Baru / New.
Garansi : 30 HARI ( NOTA PEMBELIAN JANGAN SAMPAI HILANG & NO HUMAN ERROR)",https://id.xiapibuy.com//Keyboard-Laptop-HP-Compaq-cq43-cq430-cq57-HP-Pavilion-G4-G6-HP-1000-i.64776502.1161173339,https://id.xiapibuy.com//Keyboard-Laptop-HP-Compaq-cq43-cq430-cq57-HP-Pavilion-G4-G6-HP-1000-i.64776502.1161173339
22,Mouse HP M101,15.000,,4.3,11,25,Kuantitastersisa 75 buah,bry11,https://id.xiapibuy.com/bry11,"KOTA JAKARTA PUSAT - GAMBIR, DKI JAKARTA, ID",ShopeeKomputer & AksesorisMouse & Keyboards,Hp,"Kwalitas terjamin sesuai dengan harga
Barang suda di cek fisik sebelum di kirim.
Barang real foto
Menerima eceran dan grosiran 

Chat sebelum di order dan cantumkan warna di Notes jika tidak ada kami kirimkan warna Random",https://id.xiapibuy.com//Mouse-HP-M101-i.27404216.1822278550,https://id.xiapibuy.com//Mouse-HP-M101-i.27404216.1822278550
23,HP Wireless Mouse 250 A/P,90.000,,4.8,8,12,Kuantitastersisa 23 buah,sky_technogy,https://id.xiapibuy.com/sky_technogy,"KOTA JAKARTA SELATAN - PASAR MINGGU, DKI JAKARTA, ID",ShopeeKomputer & AksesorisMouse & Keyboards,Hp,"HP Wireless Mouse 250 A/P - ORIGINAL

Wireless convenience
No more wires with the reliable 2.4GHz wireless connection.[1]

Built to last
Strict HP standards and guidelines ensure long-lasting quality.

Contoured comfort
A contoured shape designed for all-day comfort in either hand.

Good to go
With 2 AAA batteries included and no software to install you‚Äôre good to go.

Reliability you can count on
Red LED technology and a 1,000 dpi optical sensor gives you exceptional accuracy and speed across a wide range of surfaces.

Limited Stock, Original. Yuk buruan di order sebelum kehabisan!",https://id.xiapibuy.com//HP-Wireless-Mouse-250-A-P-i.147975731.7413642650,https://id.xiapibuy.com//HP-Wireless-Mouse-250-A-P-i.147975731.7413642650
24,Star SellerMouse HP Paket Mouse Pad Type S1000 / S9000 / S1000 Silent Plus / FM510A / M100,67.000,105.000,4.8,4,5,Kuantitastersisa 1 buah,destin_gallery,https://id.xiapibuy.com/destin_gallery,"KOTA JAKARTA BARAT - TAMBORA, DKI JAKARTA, ID",ShopeeKomputer & AksesorisMouse & Keyboards,Hp,"rincian mouse paket mouse pad ini harap dibaca terlebih dulu sebelum klik order ya sis/gan

Mouse HP Paket Mouse Pad Type S1000 / S9000 / S1000 Silent Plus / FM510A / M100

setiap type mempunyai variasi warna dan harap tanya pada kami terlebih dulu stok dan warna


order = setuju tidak terima komplain
dan barang yang sudah diorder sebelum kami kirim sudah kami cek dengan detail bahwa barang nya berfungsi dengan baik / bagus baru kami kirim,,,,dan apabila barang terjadi masalah pecah atau hancur itu diluar tanggungan kami

garansi dari toko kami 7hari / 1 minggu

tidak terima retur atau kembalikan

silahkan tanya stok / warna terlebih dulu sebelum memesan / dihri senin-sabtu dari jam 07:00 / jam 22:00 / pesanan yang masuk sebelum jam 15:30 akkan dikirim hari yang sama pesanan yang diatas jam 16:00 akan dikirim hari besok nya ,,,,,, trima kasih atas pngertian nya dan happy shopping guyyyysss,,,",https://id.xiapibuy.com//Mouse-HP-Paket-Mouse-Pad-Type-S1000-S9000-S1000-Silent-Plus-FM510A-M100-i.220856636.4020285001,https://id.xiapibuy.com//Mouse-HP-Paket-Mouse-Pad-Type-S1000-S9000-S1000-Silent-Plus-FM510A-M100-i.220856636.4020285001
25,Keyboard Laptop Notebook HP EliteBook Folio 9470m 9480m,125.000,,4.0,4,7,Kuantitastersisa 91 buah,nusantara.kom,https://id.xiapibuy.com/nusantara.kom,"KOTA JAKARTA PUSAT - SAWAH BESAR, DKI JAKARTA, ID",ShopeeKomputer & AksesorisMouse & KeyboardsKeyboard,Hp,"Nama produk : Keyboard laptop HP 9470m
Garansi : 30 hari (*lihat syarat dan ketentuan)
Dapat digunakan untuk tipe laptop sbb :
9470m
9480m",https://id.xiapibuy.com//Keyboard-Laptop-Notebook-HP-EliteBook-Folio-9470m-9480m-i.146063495.2260127572,https://id.xiapibuy.com//Keyboard-Laptop-Notebook-HP-EliteBook-Folio-9470m-9480m-i.146063495.2260127572
26,Hp Wireless Mouse 200 Silver,89.777,,5.0,3,4,Kuantitastersisa 7 buah,infonet.co.id,https://id.xiapibuy.com/infonet.co.id,"KOTA JAKARTA UTARA - PADEMANGAN, DKI JAKARTA, ID",ShopeeKomputer & AksesorisMouse & Keyboards,Hp,"HP Wireless Mouse 200 SILVER
Tech specs:

HP Wireless Mouse 200 SILVER
Color Silver
Konektivitas	Wireless via USB
Fitur	Wireless Mouse, 2.4 GHz Wireless, USB
Kompatibilitas	Windows 7 and above, Mac OS 10.x and above, and Chrome OS

ÔÉò	Semua foto yang tercantum di toko ini adalah REAL PICTURE (langsung dari official store brand terkait)
ÔÉò	Garansi Yang kami Berikan Resmi Sesuai (official store brand terkait)
ÔÉò	Semua produk yang kami jual di toko kami adalah produk asli 
ÔÉò	Happy shopping (tanyakan sebelum membeli produk)
",https://id.xiapibuy.com//Hp-Wireless-Mouse-200-Silver-i.60324286.6916456226,https://id.xiapibuy.com//Hp-Wireless-Mouse-200-Silver-i.60324286.6916456226
27,HP M280 WIRED MOUSE GAMING BLACK NORMAL,110.000,,5.0,3,3,Kuantitastersisa 27 buah,koektech,https://id.xiapibuy.com/koektech,"KOTA JAKARTA BARAT - KALIDERES, DKI JAKARTA, ID",ShopeeKomputer & AksesorisMouse & Keyboards,Hp,"Nama merek: HP
Jenis: kabel
Mode operasi: opto-elektronik
Jumlah rol: 1
Nomor Model: M280
Orientasi tangan: Kedua tangan
Paket: Ya
Jumlah tombol: 6
Tipe antarmuka: USB
DPI: 6400
1. esport profesional mouse gaming: dilengkapi dengan sensor khusus game dan chip esports yang ditingkatkan, 6400 DPI presisi ultra-tinggi (6 gigi bisa bebas disesuaikan: 800/1600/2400/3200/4800/6400), 32 inci/detik kecepatan pelacakan, membuat Anda pengalaman permainan yang lebih baik

2, pencahayaan rgb sistem: dekat dengan 16.8 juta jenis warna pencahayaan dapat diatur, anda dapat memilih warna favorit Anda pencahayaan dan perubahan efek.

3, makro Custom pemrograman pengaturan: bebas untuk mencocokkan efek tombol, mudah untuk memenangkan permainan (silahkan hubungi kami untuk mendapatkan Makro Alat kustomasi)

4, desain ergonomis: desain tekstur keseluruhan mouse yang ramping, sisi ide desain ""fir"", sehingga pemain dalam permainan panjang, anda bisa mengurangi perasaan tangan lelah.

5, Multi-tombol desain: mouse ini memiliki total 6 tombol untuk bertemu kebutuhan permainan",https://id.xiapibuy.com//HP-M280-WIRED-MOUSE-GAMING-BLACK-NORMAL-i.6994756.3427866383,https://id.xiapibuy.com//HP-M280-WIRED-MOUSE-GAMING-BLACK-NORMAL-i.6994756.3427866383
28,Star SellerKEYBOARD HP 8440 8440P 8440W POINTER BLACK,126.000,,4.6,10,19,Kuantitastersisa 23 buah,solusipartlaptop,https://id.xiapibuy.com/solusipartlaptop,"KOTA TANGERANG - TANGERANG, BANTEN, ID",ShopeeKomputer & AksesorisMouse & KeyboardsKeyboard,Hp,"Compatible Part Number:
PK1307D3A00 594052-001 SG-34500-XUA

Warna 	: 	Hitam
Garansi 	: 	1 Bulan

Keyboard ini bisa digunakan untuk thipe :

HP Elitebook 8440 series
HP Elitebook 8440P series
HP Elitebook 8440W series",https://id.xiapibuy.com//KEYBOARD-HP-8440-8440P-8440W-POINTER-BLACK-i.24622140.298273194,https://id.xiapibuy.com//KEYBOARD-HP-8440-8440P-8440W-POINTER-BLACK-i.24622140.298273194
29,Star SellerHP Wireless Mouse 200,85.000,159.000,5.0,10,17,Kuantitastersisa 33 buah,zona_tech,https://id.xiapibuy.com/zona_tech,"KOTA JAKARTA BARAT - KEMBANGAN, DKI JAKARTA, ID",ShopeeKomputer & AksesorisMouse & Keyboards,Hp,"Color Silver
Compatibility Available USB port.
Minimum system requirements
Windows 7 and above,[2]
[2] Windows¬Æ is either registered trademark or trademark of Microsoft Corporation in the United States and/or other countries. All other trademarks are the property of their respective owners. Actual product may vary from image shown.
Mac OS 10.x and above, and Chrome OS.
Dimensions (W X D X H)
3.74 x 2.3 x 1.34 in
Weight
0.17 lb
Warranty
Peace-of-mind coverage: Rest easy with an HP standard one-year limited warranty.
What's in the box
HP Wireless Mouse 200; 2.4 GHz wireless dongle; 2 AAA batteries; Quick Start poster; Product notices; Warranty card",https://id.xiapibuy.com//HP-Wireless-Mouse-200-i.174585297.6315672733,https://id.xiapibuy.com//HP-Wireless-Mouse-200-i.174585297.6315672733
30,Star Seller(Bayar di tempat/COD)HP Mouse Gaming M150 Original l mouse gaming murah HP M150 Berkualitas,71.000,,5.0,3,3,Kuantitastersisa 247 buah,bellacomp,https://id.xiapibuy.com/bellacomp,"KOTA JAKARTA PUSAT - SAWAH BESAR, DKI JAKARTA, ID",ShopeeKomputer & AksesorisMouse & Keyboards,Hp,"HP M150 Wired Gaming Mouse merupakan mouse gaming dengan kabel. Mouse ini menggunakan mode operasi photoelectricity dengan resolusi optik 1600 dpi. Hadir dengan warna hitam, mouse ini dapat membuat Anda merasakan pengalaman bermain game dengan lebih baik.

Features :
- Control your game : Adjust your DPI setting (1000 and 1600 dpi) for more precise targeting, increased maneuverability or maximum speed
- Optimum performance : High-end optical engine adds precise targeting, pinpoint accuracy and consistent response to your game arsenal.
- Dua -purpose mouse : And excellent entry-level gaming mouse with dedicated next/previous buttons, it accelerates browsing on the internet.
- Quality matters : Strict HP standards and guidelines ensure long-lasting quality.
- HP standard oneyear limited warranty from date of purchase

Specifications : 
- Package type: The official standard
- Color classification: black
- Operation mode: Photoelectricity
- Connection Type : USB wired
- Tracking Method : Inferred optical
- Sensor : Sunplus 168A
- Button number: 6
- Button press distance : 0.8mm
- Button press force : 70g+-5g
- Button press life : Up to 5 million cycles
- Optical resolution: 1600dpi
- Human engineering support: support
- Cable Length : 1.5M (rubble cable)
- Rating voltage/current : DC 5V/under 100mA

System Requirement :
- Microsoft Windows 7/8.1 &amp;amp;amp; 10, Mac OS : 10.3 or later
- USB Port
#mousegaminghp#mouseusb#mousegamingmurah#mousehpm150
",https://id.xiapibuy.com//(Bayar-di-tempat-COD)HP-Mouse-Gaming-M150-Original-l-mouse-gaming-murah-HP-M150-Berkualitas-i.104419304.2555929363,https://id.xiapibuy.com//(Bayar-di-tempat-COD)HP-Mouse-Gaming-M150-Original-l-mouse-gaming-murah-HP-M150-Berkualitas-i.104419304.2555929363
31,Mouse Wireless Murah - HP Z5000,,,5.0,4,6,Kuantitastersisa 0 buah,umbreonshop,https://id.xiapibuy.com/umbreonshop,"KOTA JAKARTA PUSAT - SAWAH BESAR, DKI JAKARTA, ID",ShopeeKomputer & AksesorisMouse & Keyboards,Hp,"SPESIFIKASI :

Tombol : Three standard buttons and scroll wheel
Teknologi Wireless : Bluetooth¬Æ
LED : LED battery indicator
Kompabilitas : Compatible to all Bluetooth enabled Notebooks and Desktops
Minimal System Requirements : Available USB port; Microsoft Windows XP/Vista/7/8 Mac OSX
Dimensi (P X L X T) : 4.01 x 2.54 x 0.98 in
Berat : 0.097 lb

Apa yang ada didalam box :
Mouse; Kartu Garansi; Buku Petunjuk",https://id.xiapibuy.com//Mouse-Wireless-Murah-HP-Z5000-i.233137926.7020698556,https://id.xiapibuy.com//Mouse-Wireless-Murah-HP-Z5000-i.233137926.7020698556
32,"Keyboard Laptop / Notebook HP Pavilion CQ43, G4, G6, LK, LN, LQ, HP 1000 hitam",60.000,,4.6,10,19,Kuantitastersisa 81 buah,nusantara.kom,https://id.xiapibuy.com/nusantara.kom,"KOTA JAKARTA PUSAT - SAWAH BESAR, DKI JAKARTA, ID",ShopeeKomputer & AksesorisMouse & KeyboardsKeyboard,Hp,"Nama Produk : Keyboard laptop HP CQ43 hitam
Garansi : 30 hari *(lihat syarat & ketentuan)
Dapat digunakan untuk tipe laptop sbb :
HP 1000
HP Pavilion 430
HP Pavilion 600
HP Pavilion 2000
Pavilion G4
Pavilion G6
Pavilion LK443PA
Pavilion LN453PA
Pavilion LQ368PA
Pavilion LQ373PA
Pavilion LQ374PA
Pavilion LQ375PA
Pavilion LQ377PA
Presario CQ43",https://id.xiapibuy.com//Keyboard-Laptop-Notebook-HP-Pavilion-CQ43-G4-G6-LK-LN-LQ-HP-1000-hitam-i.146063495.2255137887,https://id.xiapibuy.com//Keyboard-Laptop-Notebook-HP-Pavilion-CQ43-G4-G6-LK-LN-LQ-HP-1000-hitam-i.146063495.2255137887
33,Keyboard Laptop HP Compaq Presario V3000 V3500 V3700 V3800 V3900,75.000,,4.7,10,21,Kuantitastersisa 77 buah,nusantara.kom,https://id.xiapibuy.com/nusantara.kom,"KOTA JAKARTA PUSAT - SAWAH BESAR, DKI JAKARTA, ID",ShopeeKomputer & AksesorisMouse & KeyboardsKeyboard,Hp,"Nama Produk : Keyboard laptop HP V3000
Garansi : 30 hari *(lihat syarat & ketentuan)
Dapat digunakan untuk tipe laptop sbb :
HP Compaq Presario V3000
HP Compaq Presario V3500
HP Compaq Presario V3700
HP Compaq Presario V3800
HP Compaq Presario V3900",https://id.xiapibuy.com//Keyboard-Laptop-HP-Compaq-Presario-V3000-V3500-V3700-V3800-V3900-i.146063495.2255196077,https://id.xiapibuy.com//Keyboard-Laptop-HP-Compaq-Presario-V3000-V3500-V3700-V3800-V3900-i.146063495.2255196077
34,Paket Keyboard HP USB + mouse HP wireless laverock 2.4G - Black,115.000,,4.6,13,16,Kuantitastersisa 99984 buah,julianuss,https://id.xiapibuy.com/julianuss,"KOTA JAKARTA BARAT - KALIDERES, DKI JAKARTA, ID",ShopeeKomputer & AksesorisMouse & KeyboardsKeyboard,Hp,"*Selalu READY stok silahkan langsung Order ya!**
DESIGN KEYBOARD KEREN & NYAMAN
Keyboard HP USB + mouse HP laverock Mousenya Tanpa kabel 
Paket Keyboard dan Mouse HP sesuai gambar",https://id.xiapibuy.com//Paket-Keyboard-HP-USB-mouse-HP-wireless-laverock-2.4G-Black-i.63016980.1313430577,https://id.xiapibuy.com//Paket-Keyboard-HP-USB-mouse-HP-wireless-laverock-2.4G-Black-i.63016980.1313430577
35,Mouse wireless hp laverock 2.4G,59.000,,4.4,8,12,Kuantitastersisa 12 buah,el.hshop,https://id.xiapibuy.com/el.hshop,"KOTA JAKARTA BARAT - CENGKARENG, DKI JAKARTA, ID",ShopeeKomputer & AksesorisMouse & Keyboards,Hp,"- Item type: 2.4GHz wireless optical mouse.
- Connection type: 2.4GHz wireless.
- Operating distance: up to 10m (no barrier).
- Mouse resolution: 1600 DPI.
- Power supply: 1 * 1.5V AA battery (not included).
- System requirements: Windows XP /Vista /WIN7/ WIN8, Apples Mac OS, ",https://id.xiapibuy.com//Mouse-wireless-hp-laverock-2.4G-i.80980655.1959241094,https://id.xiapibuy.com//Mouse-wireless-hp-laverock-2.4G-i.80980655.1959241094
36,"Keyboard laptop / notebook HP Elitebook 8440, 8440p, 8440w hitam",125.000,,4.8,6,11,Kuantitastersisa 89 buah,nusantara.kom,https://id.xiapibuy.com/nusantara.kom,"KOTA JAKARTA PUSAT - SAWAH BESAR, DKI JAKARTA, ID",ShopeeKomputer & AksesorisMouse & KeyboardsKeyboard,Hp,"Nama Produk : Keyboard HP 8440
Garansi : 30 hari*(lihat syarat & ketentuan)
Dapat digunakan untuk tipe laptop sbb:
HP Elitebook 8440
HP Elitebook 8440p
HP Elitebook 8440w",https://id.xiapibuy.com//Keyboard-laptop-notebook-HP-Elitebook-8440-8440p-8440w-hitam-i.146063495.2255227408,https://id.xiapibuy.com//Keyboard-laptop-notebook-HP-Elitebook-8440-8440p-8440w-hitam-i.146063495.2255227408
37,"Star SellerKeyboard Laptop Notebook HP Mini 110-3500, HP 110-3510Nr, HP 110-3600, HP 110-3700, HP 210-3000 Seri",98.000,,4.8,16,21,Kuantitastersisa 5 buah,transjayacomputer,https://id.xiapibuy.com/transjayacomputer,"KOTA JAKARTA BARAT - KEBON JERUK, DKI JAKARTA, ID",ShopeeKomputer & AksesorisMouse & KeyboardsKeyboard,Hp,"Keyboard ini cocok untuk laptop seri :

HP Mini 110-3500
HP Mini 110-3510Nr 
HP Mini HP 110-3600 
HP Mini 210-3000 Series

Kenapa harus beli di Transjaya Computer?

1. Kondisi Baru dan Bergaransi 3 bulan tanpa batas klaim (Rusak ganti baru bukan diservice)

2. Pengiriman keyboard dijamin aman karena kami menggunakan bubble wrap serta box kardus khusus elektronik dimana kami custom sendiri (bukan kardus bekas) berlaku juga untuk pengiriman menggunakan gosend / grab akan kami packing sebaik-baiknya. Untuk paket kiriman yang jauh akan kami berikan extra bubble wrap luar dan dalam untuk menjamin barang sampai dengan selamat (sampel packing dan tes keyboard seperti difoto).
UNTUK BUBBLE WRAP DAN BOX KARDUS FREE TANPA BIAYA TAMBAHAN :)

*Sudah beli namun ada kendala pemasangan dan butuh pengecekan lanjutan?
Silakan mampir ke workshop kita di daerah Jakarta Barat, Kami melayani jasa Pemasangan & Pengecekan keyboard laptop. Pemasangan keyboard tidak perlu diinap, bisa Ditunggu Dilihat Dicoba dan langsung bawa pulang. Info lebih lanjut silakan PM. ",https://id.xiapibuy.com//Keyboard-Laptop-Notebook-HP-Mini-110-3500-HP-110-3510Nr-HP-110-3600-HP-110-3700-HP-210-3000-Seri-i.24944332.383143433,https://id.xiapibuy.com//Keyboard-Laptop-Notebook-HP-Mini-110-3500-HP-110-3510Nr-HP-110-3600-HP-110-3700-HP-210-3000-Seri-i.24944332.383143433
38,Star SellerKeyboard HP Mini 210-3000 110-3000 110-3500 200-4223TU,70.000,,4.7,15,27,Kuantitastersisa 23 buah,bengkelnotebook,https://id.xiapibuy.com/bengkelnotebook,"KOTA MEDAN - MEDAN AREA, SUMATERA UTARA, ID",ShopeeKomputer & AksesorisMouse & KeyboardsKeyboard,Hp,"Keyboard HP Mini 210-3000 110-3000 110-3500 200-4223TU

",https://id.xiapibuy.com//Keyboard-HP-Mini-210-3000-110-3000-110-3500-200-4223TU-i.24081738.1400151964,https://id.xiapibuy.com//Keyboard-HP-Mini-210-3000-110-3000-110-3500-200-4223TU-i.24081738.1400151964
39,Star SellerHP z3700 Mouse Optical Wireless 2.4GHz dengan USB Receiver untuk PC / Laptop,272.460,302.100,5.0,3,6,Kuantitastersisa 790 buah,samtopsid.id,https://id.xiapibuy.com/samtopsid.id,790,ShopeeKomputer & AksesorisMouse & Keyboards,Hp,"Brand Name:HP
Number of Buttons:3
Interface Type:USB
Hand Orientation:Both Hands
DPI:1200
Power Type:Battery
Number of Rollers:1
Model Number:Z3700
Type:2.4Ghz 
WirelessOperation Mode:Opto-electronic
HP Model:Z3700
Style:Finger                                                                                                                                                                                                                    #HP #Z3700 #Optical #USB #2.4Ghz #Wireless #mouse #PC #Office #Gamingmice",https://id.xiapibuy.com//HP-z3700-Mouse-Optical-Wireless-2.4GHz-dengan-USB-Receiver-untuk-PC-Laptop-i.122034759.1878205248,https://id.xiapibuy.com//HP-z3700-Mouse-Optical-Wireless-2.4GHz-dengan-USB-Receiver-untuk-PC-Laptop-i.122034759.1878205248
40,Keyboard USB HP Built Up Original Normal,45.000,,4.8,5,5,Kuantitastersisa 44 buah,komputermurahjakarta,https://id.xiapibuy.com/komputermurahjakarta,"KOTA JAKARTA BARAT - KEMBANGAN, DKI JAKARTA, ID",ShopeeKomputer & AksesorisMouse & KeyboardsKeyboard,Hp,"Langsung Order Aja Sudah Pasti READY

Ready Stok Banyak Keyboard USB HP Built Up Original Normal

Dijamin Original Merk HP (Bukan Hasil Rekondisi/Service)

Kondisi Seken, Tested Normal
Body Mulus Hanya Lecet Pakai Aja
Keyboard Yang Dikirim Sesuai di Gambar

Garansi Personal 14 Hari

Area Jabodetabek Sangat Direkomendasikan Menggunakan Kurir Grab / Gojek

Pengiriman Luar Jabodetabek Siap Packing Seaman Mungkin Agar Selamat Sampai Tujuan

Survey Barang/COD Bisa Datang Ke Toko Kami di :
DIAN KOMPUTER LELANG (Ada di Google Maps)
Jln Komplek Departemen Keuangan No 24 RT 08 RW 02 Kel, RT.8/RW.2, Meruya Sel., Kec. Kembangan, Kota Jakarta Barat, Daerah Khusus Ibukota Jakarta 11650",https://id.xiapibuy.com//Keyboard-USB-HP-Built-Up-Original-Normal-i.164544633.4226369768,https://id.xiapibuy.com//Keyboard-USB-HP-Built-Up-Original-Normal-i.164544633.4226369768
41,"Star SellerKeyboard laptop HP 14AC 14AF AD 14-an004au
14-an002ax 14-ac002tu 14-ac186tu ac188tu ac150tu ac002tx",115.000,,4.9,7,11,Kuantitastersisa 34 buah,partag,https://id.xiapibuy.com/partag,"KOTA SURABAYA - TAMBAKSARI, JAWA TIMUR, ID",ShopeeKomputer & AksesorisMouse & KeyboardsKeyboard,Hp,"Keyboard laptop hp 

Kondisi baru 
Warna : BLACK
garansi: 3 bulan",https://id.xiapibuy.com//Keyboard-laptop-HP-14AC-14AF-AD-14-an004au-14-an002ax-14-ac002tu-14-ac186tu-ac188tu-ac150tu-ac002tx-i.34209798.1074785569,https://id.xiapibuy.com//Keyboard-laptop-HP-14AC-14AF-AD-14-an004au-14-an002ax-14-ac002tu-14-ac186tu-ac188tu-ac150tu-ac002tx-i.34209798.1074785569
42,"Star SellerKeyboard HP Presario CQ43, CQ 431. G4 - Black",55.000,,4.8,20,33,Kuantitastersisa 8 buah,notebookexpert,https://id.xiapibuy.com/notebookexpert,"KOTA JAKARTA PUSAT - SAWAH BESAR, DKI JAKARTA, ID",ShopeeKomputer & AksesorisMouse & KeyboardsKeyboard,Hp,"Compatibility
HP COMPAQ Pavilion G4
HP COMPAQ Pavilion G6
HP COMPAQ Pavilion CQ43 series
HP COMPAQ Pavilion G4-1117DX
HP COMPAQ Pavilion G4-1130TX
HP COMPAQ Pavilion G4-1209TX
HP COMPAQ Pavilion G4-1050TU
HP COMPAQ Pavilion G4-1045TU
HP COMPAQ Pavilion G4-1016TX
HP COMPAQ Pavilion LQ368PA
HP COMPAQ Pavilion G4-1001TX
HP COMPAQ Pavilion LK443PA
HP COMPAQ Pavilion G4-1005TX
HP COMPAQ Pavilion LN453PA
HP COMPAQ Pavilion G4-1019TX
HP COMPAQ Pavilion LQ374PA
HP COMPAQ Pavilion G4-1020TX
HP COMPAQ Pavilion LQ375PA
HP COMPAQ Pavilion G4-1022TU
HP COMPAQ Pavilion LQ377PA
HP COMPAQ Pavilion G4-1029TU
HP COMPAQ Pavilion LQ373PA
HP COMPAQ Pavilion G4-1036TX
HP COMPAQ Pavilion G6
HP COMPAQ Pavilion G6S
HP COMPAQ Pavilion G6T
HP COMPAQ Pavilion G6X Series
HP COMPAQ Pavilion G6-1B0US
HP COMPAQ Pavilion G6-1B68NR
HP COMPAQ Pavilion G6-1B59WM
HP COMPAQ Pavilion G6-1205AX
HP COMPAQ Pavilion G6-1201AU
HP COMPAQ Pavilion G6-1202AU
HP COMPAQ Pavilion G6-1102AX
HP COMPAQ Pavilion G6-1202AX
HP COMPAQ Pavilion G6-1V71HE
HP COMPAQ Pavilion G6-1A75DX
HP COMPAQ Pavilion G6-1100AX
HP COMPAQ Pavilion G6-1103AX
HP COMPAQ Pavilion G6-1104AX
HP COMPAQ Pavilion G6-1105AX
HP COMPAQ Pavilion G6-1106AX
HP COMPAQ Pavilion G6-1122TU
HP COMPAQ Pavilion G6-1123TU
HP COMPAQ Pavilion G6-1119TU
HP COMPAQ Pavilion G6-1108TX
HP COMPAQ Pavilion G6-1117TU
HP COMPAQ Pavilion G6-1100TU
HP COMPAQ Pavilion G6-1217TU
HP COMPAQ Pavilion G6-1218TU
HP COMPAQ Pavilion G6-1228TU
HP COMPAQ Pavilion G6-1102TU
HP COMPAQ Pavilion G6-1209TU
HP COMPAQ Pavilion G6-1221TU
HP COMPAQ Pavilion G6-1227TU
HP COMPAQ Pavilion G6-1B79DX
HP COMPAQ Pavilion G6-1210TU
HP COMPAQ Pavilion G6-1B87CL",https://id.xiapibuy.com//Keyboard-HP-Presario-CQ43-CQ-431.-G4-Black-i.6130060.44088415,https://id.xiapibuy.com//Keyboard-HP-Presario-CQ43-CQ-431.-G4-Black-i.6130060.44088415
43,Star SellerKeyboard Laptop HP Mini 110 CQ10 110-3000 110-3014 110-3015 110-3018 110-3100 110-3030 110-3031,110.000,,5.0,5,7,Kuantitastersisa 493 buah,wepart,https://id.xiapibuy.com/wepart,"KOTA JAKARTA UTARA - PADEMANGAN, DKI JAKARTA, ID",ShopeeKomputer & AksesorisMouse & KeyboardsKeyboard,Hp,"	
ready, siap kirim grab / gojek

Kondisi : Baru
Warna : Hitam
Garansi : 30 Hari



Compatible Model :

-HP CQ10
-HP Mini 110
-HP Mini 110-3000
-HP Mini 110-3014
-HP Mini 110-3015
-HP Mini 110-3018
-HP Mini 110-3030
-HP Mini 110-3031
-HP Mini 110-3042
-HP Mini 110-3098
-HP Mini 110-3099




Bila butuh informasi lebih lanjut tentang ketersediaan stock barang , Gambar dan detail produk , langsung saja hubungi kami melalui Layanan Pesan",https://id.xiapibuy.com//Keyboard-Laptop-HP-Mini-110-CQ10-110-3000-110-3014-110-3015-110-3018-110-3100-110-3030-110-3031-i.83083839.3705766843,https://id.xiapibuy.com//Keyboard-Laptop-HP-Mini-110-CQ10-110-3000-110-3014-110-3015-110-3018-110-3100-110-3030-110-3031-i.83083839.3705766843
44,Mouse hp 201,150.000,,5.0,1,2,Kuantitastersisa 23 buah,handikasetiabudi,https://id.xiapibuy.com/handikasetiabudi,"KOTA MALANG - SUKUN, JAWA TIMUR, ID",ShopeeKomputer & AksesorisMouse & KeyboardsMouse Pad,Hp,Mouse wireless hp original,https://id.xiapibuy.com//Mouse-hp-201-i.46726200.3914088979,https://id.xiapibuy.com//Mouse-hp-201-i.46726200.3914088979
45,Star SellerKeyboard HP H-819 USB Wired/Keyboard HP H-819 USB Kabel,87.000,158.000,5.0,10,160,Kuantitastersisa 29 buah,destin_gallery,https://id.xiapibuy.com/destin_gallery,"KOTA JAKARTA BARAT - TAMBORA, DKI JAKARTA, ID",ShopeeKomputer & AksesorisMouse & KeyboardsKeyboard,Hp,"Keyboard Hp H-819

Keyboard in cocok untuk anak sekolah atau kantor dan office
support
WINDOWS XP
WINDOWS 7
WINDOWS 8
WINDOWS 10

PC / LAPTOP

keyboard ini enak untuk pengetikan dan juga enak untuk bermain game,terutama untuk anak sekolah, anak kuliahan maupun kantoran, jangan ragu dengan kualitas keyboard ini,,,

silahkan tanya stok / warna terlebih dulu sebelum memesan / dihri senin-sabtu dari jam 07:00 / jam 22:00 / pesanan yang masuk sebelum jam 15:30 akan dikirim hari yang sama pesanan yang diatas jam 16:00 akan dikirim hari besok nya ,,,,,, trima kasih atas pngertian nya dan happy shopping guyyyysss,",https://id.xiapibuy.com//Keyboard-HP-H-819-USB-Wired-Keyboard-HP-H-819-USB-Kabel-i.220856636.6018075839,https://id.xiapibuy.com//Keyboard-HP-H-819-USB-Wired-Keyboard-HP-H-819-USB-Kabel-i.220856636.6018075839
46,"Star SellerKeyboard Laptop HP Compaq Presario CQ42, G42 Series",80.000,,4.0,2,5,Kuantitastersisa 98 buah,elfathancomputer,https://id.xiapibuy.com/elfathancomputer,"KOTA JAKARTA PUSAT - SAWAH BESAR, DKI JAKARTA, ID",ShopeeKomputer & AksesorisMouse & KeyboardsKeyboard,Hp,"TOKO TERBAIK,TERMURAH DAN TERPERCAYA.

Keyboard Laptop HP Compaq Presario CQ42, G42 Series

Warna : Hitam.
Kondisi : Baru / New.
Garansi : 30 HARI ( NOTA PEMBELIAN JANGAN SAMPAI HILANG & NO HUMAN ERROR)",https://id.xiapibuy.com//Keyboard-Laptop-HP-Compaq-Presario-CQ42-G42-Series-i.64776502.1161170846,https://id.xiapibuy.com//Keyboard-Laptop-HP-Compaq-Presario-CQ42-G42-Series-i.64776502.1161170846
47,Star SellerMouse Gaming HP Pavilion 300,199.000,299.000,4.5,2,2,Kuantitastersisa 46 buah,we_comp,https://id.xiapibuy.com/we_comp,"KOTA JAKARTA BARAT - KEMBANGAN, DKI JAKARTA, ID",ShopeeKomputer & AksesorisMouse & Keyboards,Hp,"Product overview
- Designed to up the way you work and game, this ambidextrous mouse feels perfectly natural in either hand and has a 5,000 DPI optical sensor for precision.

- Ambidextrous design
This ambidextrous mouse features 8 buttons total with 2 thumb buttons on each side, making it ideal whether you‚Äôre left or right handed.

- Increased precision
With a 5,000 DPI optical sensor optimized for gaming and 4 sensitivity settings, this mouse gives you increased precision.

- On-the-fly customization
Seamlessly customize DPI, LED lighting, and polling rate on-the-fly with buttons that maximize convenience and minimize distractions.

- Fits your grip
Designed to fit the majority of hands comfortably with a right-handed ergonomic shape and size.

Key Features
- Pick a color
Customize LED lighting with a choice of green, red, purple, or white colors, plus static or breathing effects.

- Rubber grips
Experience long-lasting comfort with rubber grips on both sides of the mouse.",https://id.xiapibuy.com//Mouse-Gaming-HP-Pavilion-300-i.30555036.7732504098,https://id.xiapibuy.com//Mouse-Gaming-HP-Pavilion-300-i.30555036.7732504098
48,HP Omen 100 MousePad 1MY14AA,99.000,,4.9,8,13,Kuantitastersisa 7 buah,hp_shopping,https://id.xiapibuy.com/hp_shopping,"KOTA JAKARTA PUSAT - SAWAH BESAR, DKI JAKARTA, ID",ShopeeKomputer & AksesorisMouse & KeyboardsMouse Pad,Hp,"Mousepad
Non-slip rubber base
Smooth cloth surface
4mm thickness
Size : 36 x 30 x 0.4 cm",https://id.xiapibuy.com//HP-Omen-100-MousePad-1MY14AA-i.24814536.3216941015,https://id.xiapibuy.com//HP-Omen-100-MousePad-1MY14AA-i.24814536.3216941015
49,KEYBOARD USB HP,50.000,,5.0,3,5,Kuantitastersisa 94 buah,grade_computer,https://id.xiapibuy.com/grade_computer,"KOTA JAKARTA UTARA - PADEMANGAN, DKI JAKARTA, ID",ShopeeKomputer & AksesorisMouse & KeyboardsKeyboard,Hp,"READY YA

keyboard usb hp
barang baru ya

silahkan di order ya",https://id.xiapibuy.com//KEYBOARD-USB-HP-i.102655935.7516181484,https://id.xiapibuy.com//KEYBOARD-USB-HP-i.102655935.7516181484
