品名,價格,價格2,折扣%,評價,評論數
₹449,₹495,9% off,3.9,"(1,662)",Logitech M100R Wired Optical Mouse
₹349,₹395,11% off,4.3,"(1,044)",Logitech M90 Wired Optical  Gaming Mouse
"₹1,299","₹1,995",34% off,4.3,"(1,682)",Logitech Mk235 Mouse & Wireless Laptop Keyboard
"₹1,399","₹1,500",6% off,4.4,"(23,715)",Logitech MK240 Wireless Keyboard and Mouse Combo
₹549,₹695,21% off,4.4,"(3,008)",Logitech K120 Wired USB Desktop Keyboard
"₹1,399","₹1,500",6% off,4.3,"(5,705)",Logitech MK240 Wireless Keyboard and Mouse Combo
"₹1,249","₹1,790",30% off,4.3,"(13,386)",Logitech MK220 Mouse & Wireless Laptop Keyboard
₹725,₹795,8% off,4.3,(110),Logitech K120 DEVNAGRI (HINDI+ENGLISH) Wired USB Deskto...
"₹1,521","₹2,095",27% off,4.4,"(1,312)",Logitech MK275 Mouse & Wireless Laptop Keyboard
"₹2,374","₹2,995",20% off,4.4,(179),Logitech K480 Multi Device Bluetooth Keyboard-Black Wir...
₹599,₹925,35% off,4.5,"(87,915)",Logitech B175 Wireless Optical Mouse
₹279,₹345,19% off,4.4,"(16,515)",Logitech B100 Wired Optical Mouse
"₹1,499","₹1,995",24% off,4.3,"(3,164)",Logitech HD Webcam C270
"₹1,099","₹1,398",21% off,4.8,(9),Logitech M221 Silent USB Mouse (Black) Wireless Optical...
₹599,₹795,24% off,4.5,"(4,635)",Logitech B170 Wireless Optical Mouse
₹750,₹795,5% off,3.9,(156),Logitech H111 With Mic 3.5MM Jack Wired Headset
"₹1,584","₹3,287",51% off,,,Logitech Car Mobile Holder for Dashboard
"₹2,089","₹2,995",30% off,4.3,(630),Logitech MK345 Mouse & Wireless Laptop Keyboard
"₹1,129","₹1,395",19% off,4.4,"(2,401)",Logitech MK200 Mouse & Wired USB Laptop Keyboard
"₹2,599","₹2,990",13% off,4.7,"(2,460)",Logitech G402 Wired Optical Gaming Mouse
"₹2,295","₹2,995",23% off,4.3,(61),Logitech k480 Bluetooth Multi-device Keyboard
₹950,"₹1,199",20% off,4.3,(779),Logitech MK120 USB 2.0 Keyboard and Mouse Combo
₹740,₹795,6% off,5,(3),Logitech K120 Wired Keyboard Wired USB Desktop Keyboard
"₹4,999","₹6,497",23% off,,,Logitech G502 USB Gaming Mouse (Black) Wired Optical  G...
"₹5,759","₹7,495",23% off,4.6,(9),"Logitech MK850 PERFORMANCE Bluetooth, Smart Connector, ..."
"₹5,995","₹7,495",20% off,4.9,(33),Logitech G413 Wired USB Gaming Keyboard
₹695,,,,,Logitech K120 USB Keyboard Black Wired USB Multi-device...
"₹1,979","₹2,295",13% off,4.4,"(1,685)",Logitech C310 HD Webcam
₹579,₹825,29% off,4.5,"(2,540)",Logitech M-171 Wireless Optical Mouse
"₹1,899","₹1,999",5% off,4.6,"(2,671)",Logitech G102 Wired Optical  Gaming Mouse
₹99,₹243,59% off,3.9,"(3,079)",Logitech 01 Mousepad
₹99,₹199,50% off,3.7,(160),Logitech ss-1 Mousepad
"₹6,050","₹7,095",14% off,4.4,(58),Logitech G430 Surround Sound Wired Headset
"₹3,245","₹3,311",1% off,,,Logitech Front & Back Case for iPad Air 1st Gen
"₹3,520","₹3,600",2% off,4.4,(397),Logitech K400r wireless touch keyboard
"₹1,490","₹1,550",3% off,,,Logitech M220 Wireless Multi-device Keyboard
"₹1,035","₹1,095",5% off,4.3,"(6,958)",Logitech K230 Wireless Laptop Keyboard
"₹3,495","₹3,990",12% off,,,Logitech K380 Multi-device Bluetooth Keyboard Bluetooth...
"₹2,291",,,4.4,(19),Logitech k375s Bluetooth Laptop Keyboard
₹995,,,,,Logitech K230 Wireless Laptop Keyboard
₹663,"₹2,295",71% off,3.8,(5),Logitech 993-000439 USB Adapter
"₹5,429","₹19,998",72% off,,,Logitech Keyboard Case for Apple iPad Air 2
"₹2,875","₹2,999",4% off,4.3,(916),Logitech K480 Bluetooth Multi-device Keyboard
₹800,"₹1,017",21% off,4.5,"(2,540)",Logitech M171 Wireless Optical Mouse
"₹3,195","₹3,995",20% off,3.6,(12),Logitech PN 920-007119 Wireless Tablet Keyboard
"₹1,430","₹2,050",30% off,3.8,(5),Logitech K120 HINDI + ENGLISH Wired USB Desktop Keyboar...
"₹8,300",,,,,Logitech MLA22HN/A Wireless Desktop Keyboard
₹969,"₹1,100",11% off,4.1,(343),Logitech MK100 PS/2 Keyboard and USB Mouse Combo
"₹1,850","₹1,995",7% off,,,Logitech MK220 Wireless combo keyboard and mouse Wirele...
₹449,₹495,9% off,3.9,"(1,662)",Logitech M100R Wired Optical Mouse
"₹1,749","₹1,895",7% off,4.3,"(2,944)",Logitech MK 215 Mouse Combo & Wireless Laptop Keyboard
"₹1,200",,,,,Logitech LO-ky596 Wired USB Desktop Keyboard
"₹1,095","₹1,645",33% off,4.6,(520),Logitech M331 Wireless Optical Mouse
"₹1,099","₹1,199",8% off,4.3,(779),Logitech MK120 USB 2.0 Keyboard and Mouse Combo
"₹1,899","₹1,995",4% off,4.7,(27),Logitech Pebble M350 Wireless Optical Mouse
"₹1,899","₹1,995",4% off,4.7,(27),Logitech Pebble M350 Wireless Optical Mouse
₹99,₹299,66% off,3.9,(389),Logitech cm Mousepad
"₹2,285","₹2,595",11% off,4.2,(185),Logitech USB Headset H340 Wired Headset
"₹8,375","₹9,276",9% off,,,Logitech MK520 Wireless Keyboard and Mouse Combo Combo ...
₹349,₹395,11% off,4.3,"(1,044)",Logitech M90 Wired Optical  Gaming Mouse
"₹6,497",,,,,Logitech MK840 Mouse & Wired USB Multi-device Keyboard
"₹1,200",,,,,Logitech LO-ky595 Wired USB Desktop Keyboard
"₹1,200",,,,,Logitech LO-ky597 Wired USB Desktop Keyboard
"₹1,099","₹1,398",21% off,4.8,(9),Logitech M221 Silent USB Mouse (Black) Wireless Optical...
"₹1,200",,,,,Logitech LO-ky598 Wired USB Desktop Keyboard
"₹1,200",,,,,Logitech LO-ky599 Wired USB Desktop Keyboard
"₹2,135","₹2,138",,4.4,"(1,811)",Logitech MK270r Wireless Combo Keyboard
₹795,"₹1,238",35% off,,,Logitech K120 Wired USB Multi-device Keyboard
₹690,"₹1,255",45% off,3,(16),Logitech K120 Wired USB Multi-device Keyboard
"₹2,599","₹2,990",13% off,4.7,"(2,460)",Logitech G402 Wired Optical Gaming Mouse
₹974,"₹1,395",30% off,4.6,(520),Logitech M331 SILENT Wireless Optical Mouse
"₹1,049","₹1,645",36% off,4.6,(520),Logitech M331 SILENT Wireless Optical Mouse
"₹1,880","₹2,171",13% off,4.5,"(2,962)",Logitech Gamepad F310
"₹4,999","₹6,497",23% off,,,Logitech G502 USB Gaming Mouse (Black) Wired Optical  G...
"₹4,799","₹7,495",35% off,4.2,(42),Logitech HD Webcam C615
"₹1,294","₹1,445",10% off,3.5,(13),Logitech h150-White Wired Headset
₹500,₹795,37% off,4.4,(35),Logitech K 120 Wired USB Desktop Keyboard
"₹3,175","₹3,995",20% off,4.1,(37),Logitech PN 920-0071192 Wireless Laptop Keyboard
₹950,₹999,4% off,2.3,(3),Logitech K 120 WIRED KEYBOARD Wired USB Multi-device Ke...
"₹6,450","₹6,748",4% off,,,Logitech K350 Wireless Laptop Keyboard
"₹3,099","₹4,295",27% off,4.3,(170),Logitech HD Webcam C525
"₹3,895","₹5,495",29% off,4.3,(15),Logitech H540 Wired Headset
₹427,"₹1,699",74% off,3.5,(15),rivansh round Wireless Mike Multi-function Bluetooth Mi...
₹800,"₹1,017",21% off,4.5,"(2,540)",Logitech M171 Wireless Optical Mouse
"₹7,043","₹7,595",7% off,,,Logitech K750 Wireless Gaming Keyboard
"₹9,064","₹10,206",11% off,,,Logitech 920-008350 Wired USB Desktop Keyboard
₹698,₹977,28% off,4.3,"(15,297)",HP C2500 Wired Combo keyboard and Mouse
"₹1,281","₹1,399",8% off,4.4,"(11,181)",Dell KM117 Wireless Laptop Keyboard
₹574,₹649,11% off,4.4,"(8,542)",Dell KB 216 Wired USB Desktop Keyboard
₹449,₹495,9% off,3.9,"(1,662)",Logitech M100R Wired Optical Mouse
₹399,₹549,27% off,4.2,"(9,713)",Amkette Xcite NEO Wired USB Laptop Keyboard
"₹1,199","₹1,299",7% off,4.3,"(23,073)",Flipkart SmartBuy Wireless Keyboard & Mouse Combo
₹549,₹729,24% off,4.2,"(4,224)",Amkette Xcite Neo Mouse & Wired USB Laptop Keyboard
"₹1,099","₹1,199",8% off,4.3,(779),Logitech MK120 USB 2.0 Keyboard and Mouse Combo
"₹1,799","₹2,645",31% off,4.5,(10),Logitech M585 Multi-Device Multi-Tasking Wireless Optic...
₹949,"₹1,250",24% off,4.5,"(9,258)",Logitech M235 Wireless Optical Mouse
"₹1,099","₹2,495",55% off,4.5,(239),Logitech Bluetooth mouse M337 Wireless Optical Mouse
"₹3,400","₹4,500",24% off,4.5,(557),Logitech R400 Wireless Laser Presenter
₹694,₹850,18% off,4.3,(4),Logitech Stereo Headset H110 Wired Headset
₹349,₹395,11% off,4.3,"(1,044)",Logitech M90 Wired Optical  Gaming Mouse
₹315,₹800,60% off,,,Saco Keyboard Case for Logitech Easy-Switch K810 / K811...
"₹1,198","₹1,999",40% off,4.3,"(4,087)",Lenovo KB MICE_BO Wireless combo 100 Eng Wireless Lapto...
₹549,₹799,31% off,4.4,"(1,548)",HP 100 Wired USB Desktop Keyboard
"₹1,099","₹1,398",21% off,4.8,(9),Logitech M221 Silent USB Mouse (Black) Wireless Optical...
₹639,₹749,14% off,4.2,"(2,083)",Amkette Xcite Pro Mouse & Wired USB Laptop Keyboard
₹549,₹899,38% off,4.3,"(2,633)",Flipkart SmartBuy Multi Device USB Keyboard
₹449,₹480,6% off,3.9,(966),Quantum QHM7710 Multimedia Combo Wired USB Multi-device...
"₹1,699","₹2,999",43% off,4.2,(249),Lenovo 510 Mouse & Wireless Laptop Keyboard
"₹11,799",,,4.6,(488),Microsoft Surface Go Magnetic Tablet Keyboard
"₹2,599","₹2,990",13% off,4.7,"(2,460)",Logitech G402 Wired Optical Gaming Mouse
₹899,"₹1,299",30% off,4.2,(342),HP K2500 E5E77AA Wireless Desktop Keyboard
"₹1,195",,,4.2,(667),Logitech Stereo Speakers Z120
₹620,₹899,31% off,4.4,(49),Logitech LOGITECH M170 Wireless Optical Mouse
"₹4,999","₹6,497",23% off,,,Logitech G502 USB Gaming Mouse (Black) Wired Optical  G...
"₹3,535","₹4,295",17% off,4.3,(170),Logitech HD WEBCAM C525  Webcam
"₹1,999","₹2,995",33% off,4.6,(69),Logitech M590 Wireless Optical Mouse
"₹3,543","₹3,914",9% off,4.7,(23),Logitech H390 Bluetooth Headset
"₹1,439","₹2,009",28% off,,,Logitech G15
"₹8,699",,,4.6,(488),Microsoft Surface Go Magnetic Tablet Keyboard
"₹1,899","₹1,999",5% off,4.6,"(2,671)",Logitech G102 Wired Optical  Gaming Mouse
"₹1,999","₹2,995",33% off,4.6,(69),Logitech M590 Wireless Optical Mouse
₹408,₹495,17% off,3.9,"(1,662)",Logitech M100R Wired Optical Mouse
"₹7,100","₹9,995",28% off,4.2,(170),Logitech Z506 75 W Home Theatre
₹800,"₹1,017",21% off,4.5,"(2,540)",Logitech M171 Wireless Optical Mouse
"₹5,498","₹6,995",21% off,4.7,(3),Logitech MX ANYWHERE 2S Wireless Hybrid Mouse
"₹1,290","₹1,495",13% off,3.9,(87),Logitech h151 Wired Headset
"₹1,439","₹2,009",28% off,,,Logitech G11
"₹1,249","₹1,389",10% off,,,baluda Ultra Thin fashion 2.4G Wireless Wireless Laptop...
"₹1,750","₹1,799",2% off,4.2,(985),Rapoo X1800 Wireless Keyboard and Mouse Combo
"₹1,099","₹1,199",8% off,4.3,(779),Logitech MK120 USB 2.0 Keyboard and Mouse Combo
"₹1,477","₹1,499",1% off,4,(33),Zebronics Companion 103 Wireless Desktop Keyboard
"₹1,249","₹1,599",21% off,3.5,(19),baluda BD-key board-03 Wireless Laptop Keyboard
"₹2,299",,,4.4,(60),Dell KM636 Wireless Laptop Keyboard
₹349,₹395,11% off,4.3,"(1,044)",Logitech M90 Wired Optical  Gaming Mouse
₹900,"₹1,000",10% off,,,HP KB0316 PS2 Desktop Keyboard
₹399,₹999,60% off,4.1,(19),Logitech 10l Mousepad
₹245,₹350,30% off,3.8,(185),Logitech 5 Pcs Comfort Mouse Pad Long Lasting HEAVY Mou...
₹463,₹495,6% off,4.3,(167),Logitech m100r-Black Wired Optical Mouse
"₹5,450","₹5,999",9% off,4.4,(141),Logitech MX Anywhere 2S Wireless Optical Mouse
"₹1,099","₹1,398",21% off,4.8,(9),Logitech M221 Silent USB Mouse (Black) Wireless Optical...
₹674,₹745,9% off,3.8,(150),Logitech H110 Wired Headset
"₹1,439","₹2,009",28% off,,,Logitech
₹124,₹294,57% off,3.7,(595),Logitech LOGIBLACK001 Mousepad
"₹2,599","₹2,990",13% off,4.7,"(2,460)",Logitech G402 Wired Optical Gaming Mouse
"₹2,199","₹2,290",3% off,4.6,"(4,571)",Logitech G300s Optical Gaming Mouse
₹99,₹399,75% off,3.5,(62),Logitech 001 Mousepad
"₹1,329","₹2,595",48% off,4.5,(239),Logitech Bluetooth Mouse M337 Wireless Optical Mouse
"₹2,280","₹2,495",8% off,,,Logitech 340 Headset Wired Headset
"₹1,439","₹2,009",28% off,,,Logitech G19
"₹4,999","₹6,497",23% off,,,Logitech G502 USB Gaming Mouse (Black) Wired Optical  G...
"₹7,825","₹7,995",2% off,,,Logitech MX 2S Wireless Optical Mouse
₹328,₹395,16% off,4.4,(18),Logitech M 90 MOUSE Wired Optical  Gaming Mouse
"₹3,539","₹3,900",9% off,,,Logitech WIERLESS M185 4PC. Wireless Optical Mouse
"₹1,899","₹1,999",5% off,4.6,"(2,671)",Logitech G102 Wired Optical  Gaming Mouse
₹490,₹495,1% off,4.4,(134),Logitech M100R USB (Black) Wired Optical Mouse
₹740,₹795,6% off,3.8,(115),Logitech H111 Wired Headset without Mic
"₹1,799","₹2,999",40% off,,,Headgear Audio Headphone Stand: Royal Shark for Sennhei...
"₹10,450","₹10,999",4% off,4.3,(10),Logitech C922 Pro Stream Webcam  Webcam
"₹1,148",,,3.8,(50),Logitech Z120-White/Black 10 W Portable Laptop/Desktop ...
₹125,₹399,68% off,3.5,(35),Logitech VMP - L02 Mousepad
₹674,₹885,23% off,3.7,(564),Logitech PN 981-000459 Wired Headset
"₹1,439","₹2,009",28% off,,,Logitech 'g' Series
₹121,₹150,19% off,3.9,"(2,381)",Logitech 1 Pcs Comfort Mouse Pad Long Lasting Mousepad
₹800,"₹1,017",21% off,4.5,"(2,540)",Logitech M171 Wireless Optical Mouse
₹120,₹199,39% off,2.9,(15),Logitech MOUSE PAD 1 PCS VERY FAST PRODUCT Mousepad
₹552,₹595,7% off,4.4,"(1,083)",Logitech M105 Wired Optical Mouse
"₹1,199","₹1,296",7% off,4.5,"(9,258)",Logitech M235 Wireless Optical Mouse
"₹4,250","₹5,699",25% off,,,Logitech B530 Wired Headset
"₹1,439","₹2,009",28% off,,,Logitech G5
₹449,₹495,9% off,3.9,"(1,662)",Logitech M100R Wired Optical Mouse
₹225,₹350,35% off,4.1,(641),Logitech 5 Pcs Comfort Mouse Pad Long Lasting Mousepad
₹116,₹312,62% off,3.3,(38),Logitech Logi02 Mousepad
"₹3,450","₹4,495",23% off,4.5,"(1,016)",Logitech Wireless Gamepad F710
"₹1,099","₹1,199",8% off,4.3,(779),Logitech MK120 USB 2.0 Keyboard and Mouse Combo
"₹2,599","₹2,990",13% off,4.7,"(2,460)",Logitech G402 Wired Optical Gaming Mouse
"₹1,289","₹1,395",7% off,,,Logitech H150 Stereo Headset Bluetooth Headset
"₹3,205","₹4,167",23% off,,,Hermitshell  Keyboard Case for Logitech
"₹1,899","₹1,995",4% off,4.7,(27),Logitech Pebble M350 Wireless Optical Mouse
"₹1,025","₹1,095",6% off,3.4,(5),Logitech WHITE MINI Wireless Optical Mouse
"₹4,999","₹6,497",23% off,,,Logitech G502 USB Gaming Mouse (Black) Wired Optical  G...
₹349,₹395,11% off,4.3,"(1,044)",Logitech M90 Wired Optical  Gaming Mouse
₹749,"₹1,055",29% off,4.3,"(1,050)",Logitech M185 Wireless Optical Mouse
"₹4,844","₹5,495",11% off,3.6,(25),Logitech H600 Bluetooth Headset
"₹1,899","₹1,999",5% off,4.6,"(2,671)",Logitech G102 Wired Optical  Gaming Mouse
"₹1,793","₹3,586",50% off,,,Adada Pouch for Logitech mouse
₹105,₹299,64% off,3.8,(6),Logitech LG005 Mousepad
"₹4,950","₹8,995",44% off,3.6,(46),Logitech Powershell Controller + Battery  Gamepad
₹85,₹299,71% off,3.9,(28),Logitech logi_black001 Mousepad
"₹5,495","₹7,495",26% off,4.4,(89),Logitech R800 Laser Presenter
"₹19,626","₹33,508",41% off,,,Logitech G635 7.1 Surround Sound Light Sync Gaming Head...
"₹1,987","₹2,185",9% off,3,(2),Logitech Driving Force GT
₹749,"₹1,045",28% off,4.3,"(1,050)",Logitech M185 Wireless Optical Mouse
₹125,₹150,16% off,,,Logitech Dotionmo Mousepad
"₹7,799","₹8,495",8% off,,,Logitech G604 Wireless Optical  Gaming Mouse
₹90,₹200,55% off,4,(600),Logitech 2016 Mousepad
"₹5,606","₹11,212",50% off,,,Logitech Stereo Gaming Headset Wired Headset
"₹7,795","₹8,992",13% off,4.2,(5),Logitech SPOTLIGHT PRESENTER REMOTE SLATE 910-004654 Pr...
"₹1,770","₹1,995",11% off,4,(12),Logitech C270 Hd  Webcam
"₹3,550","₹4,295",17% off,4.1,(14),"Logitech HD Webcam C525, Portable HD 720p Video Calling..."
"₹1,099","₹1,398",21% off,4.8,(9),Logitech M221 Silent USB Mouse (Black) Wireless Optical...
