品名,價格,價格2,評價,評論數
,,,,
"ZILINK 1080P Full HD Webcam, Computer and Laptop Camera, USB Webcam Stereo Audio...",$26.12,,,
,,,,
"Semi-Vertical Ergonomic Mouse Newtral 3, Wired USB Medium Size, All Buttons Programmable...",$41.99,,,
,,,,
Logitech G502 HERO High Performance Gaming Mouse,,$39.99,,
,,,,
SteelSeries Apex 7 Mechanical Gaming Keyboard,$188.98,$3.00 coupon applied.,,
,,,,
Logitech MX Master 3 Advanced Wireless Mouse - Graphite,$99.99,,,
,,,,
"Logitech HD Pro Webcam C920, Widescreen Video Calling and Recording, 1080p Camera...",,$64.99,,
,,,,
"Logitech MX Master 2S Wireless Mouse – Use on Any Surface, Hyper-fast Scrolling,...",$71.49,,,
,,,,
Logitech Dual-Motor Feedback Driving Force G29 Gaming Racing Wheel with Responsive...,,$189.99,,
,,,,
Logitech MX Keys Advanced Wireless Illuminated Keyboard - Graphite,$99.99,,,
,,,,
"Logitech MX Anywhere 2S Wireless Mouse – Use On Any Surface, Hyper-Fast Scrolling...",$59.99,,,
,,,,
"UtechSmart VENUS Pro RGB MMO Wireless Gaming Mouse, 16,000 DPI Optical Sensor, 2.4...",$55.97,,,
,,,,
"Logitech M510 Wireless Computer Mouse – Comfortable Shape with USB Unifying Receiver, with Back/Forward Buttons and Side-to-Side Scrolling, Dark Gray",$21.63,,,
,,,,
"Logitech G502 LIGHTSPEED Wireless Gaming Mouse with HERO 16K Sensor, PowerPlay Compatible...",$129.00,,,
,,,,
Logitech Ergo K860 Wireless Ergonomic Keyboard with Wrist Rest - Split Keyboard...,,$96.08,,
,,,,
Logitech G Pro Wireless Gaming Mouse with Esports grade performance,$146.97,,,
,,,,
Logitech MK545 Advanced Wireless Keyboard and Mouse Combo,,$42.99,,
,,,,
Logitech M510 Wireless Computer Mouse – Comfortable Shape with USB Unifying Receiver...,$21.63,,,
,,,,
Logitech MK345 Wireless Combo – Full-sized Keyboard with Palm Rest and Comfortable...,,$26.95,,
,,,,
"Logitech MK710 Wireless Keyboard and Mouse Combo — Includes Keyboard and Mouse,...",,$39.89,,
